rawdata_id	sample_id	total_gb	host_gb	metagenomic_gb	lowqual_gb	microbial_fraction	nonpareil_completeness
EHI00001	ABK09	2.8053378	2.646211769	0	0.159126031	NA	NA
EHI00002	ABI46	1.5700395	0.035433871	1.394358496	0.14024713300000013	46.5	0.685521094031679
EHI00003	ABI47	3.5780358	3.340532048	0	0.23750375199999985	NA	NA
EHI00004	ABK09	3.2114139	2.984989629	0	0.22642427099999995	NA	NA
EHI00005	ABK57	2.7128511	0.034949881	2.486913034	0.1909881849999997	61.98	0.76336165760497
EHI00025	NSAP67	3.7065531	0.118244788	3.362054146	0.22625416599999948	98.68	0.786908641948077
EHI00069	ABJ89	8.2223067	0.920532571	6.157621999	1.144152130000001	55.93	0.909914524630621
EHI00070	ABL39	3.6422202	0.93759988	2.469728439	0.23489188100000025	57.85	0.791993141021565
EHI00071	AAW13	8.4257574	6.040382831	1.361641308	1.0237332610000005	4.86	0.742134422416137
EHI00072	ABK12	5.4438999	0.078319449	4.993871498	0.37170895299999973	64.42	0.860509873324295
EHI00073	ABL01	2.6489496	0.007300164	2.491173198	0.15047623799999998	61.54	0.777554062337925
EHI00074	ABL51	8.1479604	0.034671349	7.543261506	0.5700275450000003	60.38	0.884768377783516
EHI00075	ABK18	4.1641575	0.444390387	3.449546649	0.2702204639999999	63.91	0.844809591592238
EHI00076	ABI40	5.6726859	0.081391903	5.25623932	0.33505467700000047	61.1	0.922172898888416
EHI00077	ABL45	2.5603827	0.641770627	1.78326259	0.13534948299999972	66.39	0.771917510779645
EHI00078	AAW11	2.8508685	2.421659162	0	0.4292093379999997	NA	0.888410970974704
EHI00079	ABL19	4.4326296	2.721037061	1.373801946	0.33779059300000025	50.74	0.710681264549649
EHI00080	ABL37	7.3838613	1.605187153	5.049477727	0.7291964200000001	46.31	0.826550907132647
EHI00081	ABK88	2.8432758	0.72744809	1.897409703	0.2184180069999997	55.66	0.786674905262353
EHI00082	AAW31	7.8394959	3.730899163	2.778724138	1.3298725990000002	70.79	0.894832942478347
EHI00083	AAW19	3.2617944	1.522067209	1.178186966	0.5615402249999999	0.69	0.613293029428435
EHI00084	AAW20	4.0110705	2.62207264	0.675248892	0.7137489679999999	2.84	0.587937784503412
EHI00085	ABL25	2.9370126	0.212261834	2.494742094	0.2300086720000003	60.96	0.884176554632317
EHI00086	ABK90	3.5858325	0.417593612	2.821121298	0.34711758999999986	55.29	0.842366730660718
EHI00087	AAW12	6.6856059	5.306284098	0.736297986	0.6430238159999998	71.97	0.93560266535779
EHI00088	ABK71	3.86937	0.07176921	3.569734521	0.22786626900000018	71.65	0.889279808562383
EHI00089	ABI56	2.6840037	0.034915171	2.473897563	0.17519096599999973	63.93	0.875590921421085
EHI00090	AAW14	2.6144448	2.4113159	0	0.20312889999999983	NA	NA
EHI00091	ABI58	3.8102874	0.230039482	3.317973426	0.26227449199999997	61.23	0.856355463854105
EHI00092	ABJ91	6.5063313	0.17084245	5.943716483	0.39177236699999973	76.38	0.966517441826939
EHI00093	ABL92	4.079757	0.199633318	3.507549808	0.37257387399999997	57.44	0.767495450156593
EHI00094	AAW21	7.8326874	2.413901612	4.139280655	1.2795051329999998	46.37	0.915391222353303
EHI00095	ABL86	2.7020268	0.255990148	2.269181675	0.17685497700000008	67.17	0.850296645236519
EHI00096	AAW26	4.5872196	2.83252109	1.080989266	0.6737092439999999	22.86	0.567745374320409
EHI00097	ABK46	4.6628925	0.366551383	3.771419701	0.5249214159999998	63.26	0.889473899676019
EHI00098	ABJ51	5.2346577	0.040047629	4.876970597	0.3176394739999999	58.25	0.850008913081848
EHI00099	AAW15	3.7919445	2.475108929	0.660000925	0.656834646	16.76	0.70711238075425
EHI00100	ABK86	7.769388	2.398470758	4.932226498	0.43869074399999963	65.96	0.893410318949915
EHI00101	ABK73	8.1011478	0.451928365	6.92348337	0.7257360650000004	22.74	0.826253101587953
EHI00102	ABL98	2.7460137	2.507881046	0	0.23813265399999972	NA	0.51485060133014
EHI00103	ABJ75	2.9580714	0.843529516	1.910930817	0.20361106700000042	58.41	0.808244921344605
EHI00104	ABL31	2.758899	0.643701669	1.93819901	0.17699832100000013	55.69	0.814733284483558
EHI00105	ABK67	3.9167175	0.005694785	3.639917634	0.2711050809999995	64.52	0.855223801417626
EHI00106	ABM11	6.1124805	1.058626752	3.945591141	1.108262607	46.35	0.939897459273953
EHI00107	ABL02	5.2090545	0.184257358	4.642961628	0.3818355139999996	57.63	0.897511332451497
EHI00108	ABL27	4.0160076	0.394171066	3.27983189	0.34200464399999975	66.01	0.907617816756324
EHI00109	AAW18	1.9602594	1.582807542	0	0.3774518579999999	NA	0.522240055544586
EHI00110	ABJ73	4.1299692	0.591747269	3.173333843	0.36488808799999983	74.5	0.984009118673829
EHI00111	ABK03	5.367744	0.151954279	4.776539546	0.43925017499999974	61.74	0.86350395924247
EHI00112	ABK20	5.5785648	0.085183185	4.77988888	0.713492735	61.1	0.844883888740023
EHI00113	ABK61	10.2986181	0.617092903	8.819435934	0.8620892630000014	70.09	0.927256081315736
EHI00114	ABL29	7.5625929	0.087174427	7.062674009	0.4127444640000002	62.69	0.935464686284316
EHI00115	ABL03	6.3081711	0.062352261	5.61677508	0.629043759	46.35	0.910689194740065
EHI00116	ABK44	6.0356676	0.039596686	5.583046169	0.4130247449999995	59.27	0.966352371673515
EHI00117	ABK69	9.4324752	0.423816725	8.323638751	0.685019724	72.92	0.926989095336586
EHI00118	ABL57	5.7864297	0.784391517	4.605642947	0.39639523600000004	71.14	0.890971040319869
EHI00119	ABK59	6.6874005	0.038727564	6.203871307	0.44480162899999964	64.29	0.915160783780235
EHI00120	ABK16	4.9347975	0.051038023	4.528812896	0.3549465810000001	73.86	0.891701041677506
EHI00121	ABL53	4.307031	1.196143747	2.86213485	0.24875240300000057	58.7	0.788011791095847
EHI00122	ABI42	7.5550821	0.056247498	7.102101324	0.39673327799999925	73.51	0.924447763410154
EHI00123	AAW27	4.2066747	3.480059636	0	0.7266150639999998	NA	0.669155177566377
EHI00124	ABI44	5.3953182	0.113171041	4.971985433	0.3101617259999996	57.71	0.924060981486122
EHI00125	ABJ59	5.0145681	0.313488992	4.40023274	0.3008463680000002	66.79	0.857922862568121
EHI00126	ABK55	3.1249944	1.194652957	1.722653615	0.20768782799999985	57.17	0.765958411654605
EHI00127	AAW23	3.7679841	0.268519295	3.181469022	0.3179957830000002	73.44	0.953395237037406
EHI00128	ABL76	4.5389658	0.149336152	4.020760812	0.36886883599999987	64.91	0.821160924932722
EHI00129	ABL33	4.0046517	0.212726094	3.509154809	0.28277079699999996	69.85	0.81948460631612
EHI00130	ABJ53	3.5062908	0.082344877	3.132238776	0.2917071469999999	60.15	0.836056793038469
EHI00131	ABK96	2.828757	0.943415382	1.691258432	0.19408318600000007	57.4	0.687926403089995
EHI00132	AAW17	3.7856274	1.5434598	0.997005124	1.2451624760000002	20.97	0.62200630040391
EHI00133	ABL64	4.4097546	0.429506925	3.723269437	0.2569782380000003	80.29	0.984448551895475
EHI00134	ABJ55	8.4450039	1.988142143	5.894822273	0.5620394839999996	53.34	0.867757036627769
EHI00135	AAW22	6.2034711	5.15097112	0	1.0524999799999994	NA	0.803524735060292
EHI00136	AAW32	6.2246748	3.791373728	1.384488044	1.0488130279999999	67.07	0.746175792193918
EHI00137	ABK41	4.063914	0.25048991	3.518590147	0.294833943	57.56	0.878580133385775
EHI00138	ABK48	3.8871081	0.179238573	3.440545379	0.2673241479999997	60.7	0.874128357212404
EHI00139	ABJ83	3.4184952	0.034225947	3.084075255	0.30019399800000013	60.53	0.872822963360856
EHI00142	ABB05	4.6563006	0.12477672	3.769807332	0.7617165479999999	76.92	0.871971118141036
EHI00144	ABB26	4.4476107	0.789953139	3.234959778	0.42269778300000027	75.32	0.775981458520832
EHI00145	AAW10	3.651006	3.175482621	0	0.4755233790000002	NA	0.569017787716347
EHI00150	ABB24	3.1385859	2.97404397	0	0.16454192999999995	NA	0.983679531658695
EHI00153	AAV39	2.9374941	2.778415163	0	0.15907893699999986	NA	NA
EHI00158	AAU89	2.7139236	2.519963187	0	0.1939604130000001	NA	NA
EHI00161	AAV40	3.3677583	0.042648626	2.987437558	0.33767211600000024	77.12	0.790376529011625
EHI00165	AAW16	3.2032959	0.688226117	2.183724089	0.3313456939999999	74.43	0.944107694076913
EHI00167	ABB03	4.5593388	2.607715012	1.337594404	0.614029384	65.93	0.670417608831676
EHI00169	AAU91	3.762978	0.260619106	3.251892132	0.25046676199999984	76.36	0.785683789205491
EHI00175	ABI47	4.0405782	3.776760112	0	0.26381808799999984	NA	NA
EHI00176	ABJ79	4.2711522	0.100761385	3.466213092	0.7041777230000004	63.46	0.873322923088651
EHI00177	ABJ49	2.958405	0.016053624	2.686840244	0.2555111320000001	69.94	0.831649266261231
EHI00178	ABI38	4.254096	0.045338274	3.967239799	0.24151792699999985	53.08	0.869303966318918
EHI00179	ABL72	3.5375796	0.023148016	3.332819503	0.18161208099999993	62.32	0.823851675589683
EHI00180	ABK05	3.8221929	0.037200326	3.248644425	0.5363481490000002	65.85	0.857746659575956
EHI00181	ABJ71	3.418254	0.301399301	2.918957521	0.19789717800000028	71.92	0.880661837117937
EHI00182	ABJ45	4.1303511	0.013255566	3.73258353	0.38451200400000074	4.13	0.694011910295817
EHI00196	ABH60	1.4561802	8.45405e-4	1.315883318	0.13945147699999993	84.87	0.733471394541976
EHI00198	ABI47	0.1234113	0.11812815	0	0.00528315	NA	NA
EHI00205	ABM07	8.7711033	0.599108348	7.721202331	0.4507926210000006	76.83	0.972467372772205
EHI00218	ABL68	4.5857415	0.148668993	4.236998559	0.200073948	73.91	0.915686175774638
EHI00228	ABH62	8.156955	0.267099052	7.338941264	0.5509146840000003	79.33	0.898203897224979
EHI00231	ABA65	6.0500481	0.378782311	5.317826791	0.35343899799999967	83.29	0.888068959819771
EHI00242	AAA64	7.5356502	7.314274396	0	0.221375804	NA	0.724271102266676
EHI00244	ABH58	5.47782	0.066372994	5.087314863	0.3241321430000008	81.83	0.896375417503844
EHI00247	AAA92	5.2656183	5.100646415	0	0.16497188499999993	NA	0.90643696734762
EHI00262	ABA63	5.0265618	4.84620752	0	0.18035427999999953	NA	0.959811623154585
EHI00276	AAA57	3.0151128	0.111939479	2.643618639	0.25955468199999965	84.59	0.824056473971687
EHI00287	ABH56	5.3443251	0.050357734	5.107156466	0.18681089999999934	79.46	0.894140132908014
EHI00289	ABA61	4.8969135	1.254602447	3.385154183	0.2571568700000002	77.45	0.837395355775612
EHI00296	ABL88	5.5251345	0.030842936	5.230400217	0.2638913470000004	74.23	0.917492570847855
EHI00299	ADJ98	12.226653	11.594385318	0	0.6322676820000002	NA	0.695969939888263
EHI00302	AAA48	19.7086785	17.982963966	0.968655402	0.7570591320000015	69.44	0.821151612940154
EHI00320	AAV27	3.7236774	3.488173902	0	0.23550349799999992	NA	NA
EHI00325	ADK18	11.4738942	8.970406491	2.058765349	0.44472235999999965	2.12	0.614881600473272
EHI00340	ADM55	17.8027794	17.061842606	0	0.7409367939999996	NA	0.317291283504168
EHI00351	ADM62	0.6637332	0.636388472	0	0.027344727999999985	NA	NA
EHI00353	ADK29	0.428817	0.4108452	0	0.017971799999999982	NA	NA
EHI00354	ADK21	0.4118514	0.382034988	0	0.02981641199999996	NA	NA
EHI00355	ADM46	0.5945154	0.569498126	0	0.025017273999999978	NA	NA
EHI00359	ADK03	1.1018646	1.057252222	0	0.044612378000000064	NA	NA
EHI00361	AEL24	28.3706943	8.04950487	18.974916774	1.346272656	81.17	0.796607658953976
EHI00363	ADV74	5.1795198	1.09727503	3.512518735	0.5697260349999991	72.19	0.921546527888742
EHI00365	ABC26	4.689783	0.236517553	4.06561066	0.38765478700000067	78.76	0.883917620301825
EHI00367	ADV69	4.15371	0.021401095	3.960874993	0.17143391200000035	68.35	0.672239672272262
EHI00368	ADV43	4.1763363	1.481449409	1.936874821	0.7580120699999999	65.72	0.975115778343057
EHI00371	AEL21	3.8001888	0.097834132	3.546261854	0.15609281399999997	89.33	0.99169654684644
EHI00374	ABC31	4.5985638	0.05824967	3.939912203	0.6004019269999996	80.85	0.918727362917774
EHI00375	AEL09	2.0532378	0.189567995	1.604389309	0.2592804959999997	80.42	0.691381468939264
EHI00376	ADW20	4.7519871	0.0942502	3.946710019	0.7110268809999996	82.41	0.834838897857596
EHI00377	AAB12	4.1234163	0.063161926	3.57177299	0.4884813839999995	74.2	0.852505381231261
EHI00380	ADW18	3.4906635	0.438072502	2.708129742	0.3444612560000002	77.46	0.769875414961637
EHI00381	AEL73	3.3559929	0.096191496	3.080717836	0.17908356800000025	77.76	0.859406542456119
EHI00382	AEL08	13.1142681	2.813760507	9.660038506	0.6404690870000014	77	0.864189773391581
EHI00383	ADU72	13.630416	7.983761399	4.213267166	1.433387435000001	71.75	0.888928585953616
EHI00385	AAB02	4.5036219	0.11266995	3.880580385	0.5103715649999998	78.06	0.827946736323244
EHI00387	AEL05	3.8894367	0.15578403	3.50644727	0.22720540000000033	83.25	0.844865314510624
EHI00389	AEL82	3.7177197	0.011150393	3.568247771	0.1383215360000003	81.8	0.891645600507149
EHI00391	ADU75	3.3649611	0.222149263	2.697233278	0.4455785589999999	79.71	0.864143436208863
EHI00392	AEL44	2.6254035	0.729386485	1.784557379	0.11145963599999997	78.24	0.735165246853105
EHI00393	AEL61	2.8219356	0.376028113	2.263096445	0.18281104200000042	70.99	0.773350421691406
EHI00394	AEL92	3.6911406	0.068785224	3.43284417	0.18951120600000015	76.57	0.909102899004083
EHI00398	AAA55	2.2796307	0.155341452	2.006263064	0.11802618399999965	76.34	0.724638570160751
EHI00399	AEL51	4.5585126	0.967409363	3.416429898	0.17467333900000037	76.34	0.834959765141371
EHI00400	ADV34	3.6546816	0.37547546	3.091221168	0.18798497199999975	79.21	0.913842570319927
EHI00402	AAB49	2.7738888	0.020056378	2.458908797	0.294923625	74.11	0.744503103144722
EHI00404	AAA17	2.2400265	0.091305707	2.061009864	0.08771092899999999	79.7	0.724026113939847
EHI00405	AEL81	4.2202416	0.366709076	3.720320594	0.13321192999999942	79.68	0.893151637269581
EHI00406	AEL64	3.3886737	0.159002522	3.092901233	0.13676994499999973	77.47	0.806183657439497
EHI00408	AAA67	3.4115031	0.181491292	3.102053492	0.12795831599999996	80.08	0.790946583699608
EHI00410	ADV86	3.8720514	0.422690959	3.200297549	0.24906289199999998	80.34	0.866951048475807
EHI00411	AEL78	3.4994601	0.005253345	3.373733992	0.12047276299999998	79.4	0.864921869908692
EHI00413	ADV82	2.1121038	1.020883669	0.977189394	0.11403073699999977	79.15	0.765958411654605
EHI00414	AAB20	2.6920878	0.062575333	2.51796183	0.11155063700000012	76.9	0.761073576555171
EHI00416	AEL40	2.4337185	0.103518664	2.255895039	0.07430479699999992	81.37	0.755153445743327
EHI00417	AAA89	3.813729	0.102061795	3.518719755	0.19294745000000013	74.86	0.81030569149463
EHI00418	ADV27	3.0051861	0.073920877	2.829335486	0.10192973699999985	80.77	0.864514127135665
EHI00420	ADV29	3.0783075	0.001989414	2.936675388	0.1396426980000003	78.13	0.865894819490289
EHI00422	ADJ34	3.0175473	0.058188268	2.793316463	0.16604256900000003	71.02	0.876303606856377
EHI00426	ADM28	8.2641981	0.374841259	7.284549263	0.604807578	72.02	0.945072673792226
EHI00428	ADL22	5.515767	0.354862015	4.724714178	0.436190807	64.65	0.860889981740335
EHI00433	ADI93	6.7326048	0.730117194	5.308367531	0.6941200749999998	56.96	0.856253434481804
EHI00435	ADM21	3.4622001	0.658142301	1.915763753	0.8882940459999997	57.68	0.998509880651311
EHI00438	ADJ97	5.998068	0.10058749	5.603662321	0.29381818900000045	67.62	0.908337326082696
EHI00441	ADK34	9.8748249	0.202212815	9.150857127	0.5217549580000007	61.96	0.933854789060846
EHI00451	ADL90	7.0994721	0.318898071	6.310930301	0.4696437280000003	68.88	0.890314915203588
EHI00456	ADJ06	6.0552741	0.097152439	5.383346336	0.5747753250000001	79.05	0.926381445139147
EHI00458	ADM43	7.5353769	0.326249839	6.654999014	0.5541280469999998	63.87	0.871721105250724
EHI00462	ADJ93	7.0803117	0.330809687	6.235593465	0.5139085479999999	65.31	0.93017404385234
EHI00464	ADL33	8.1246069	0.962080506	6.602081481	0.5604449130000004	66.73	0.896495479943727
EHI00465	ADL59	2.3124339	0.04179577	2.135049197	0.1355889330000002	65.13	0.873285889957059
EHI00467	ADL30	6.6873813	0.854761759	5.403515999	0.4291035420000009	58.96	0.907848434553143
EHI00470	ADM03	12.3933963	1.679223689	10.051614325	0.6625582859999994	70.34	0.951503511885917
EHI00472	ADL76	6.1290285	0.586418138	5.180645164	0.36196519800000004	53.81	0.892800558015627
EHI00473	ADL98	7.0141077	0.477433785	6.052535434	0.48413848100000045	65.18	0.880902359734205
EHI00477	ADI75	7.0162692	0.087653441	6.450371341	0.47824441800000006	49.71	0.860166835114896
EHI00479	ADK32	15.723123	0.074374376	14.809203223	0.8395454009999987	69.59	0.990214408439047
EHI00480	ADJ27	9.0442323	0.793212202	7.50347858	0.7475415179999993	52.14	0.855362947823522
EHI00481	ADJ44	7.3520385	0.094726409	6.753259988	0.5040521030000003	70.39	0.915188436696808
EHI00483	ADL72	7.5922803	1.532171008	5.605592315	0.45451697699999993	73.57	0.90930581179049
EHI00484	ADM42	7.2163368	0.269250378	6.643343827	0.3037425950000001	65.33	0.925875041369315
EHI00488	ADL26	9.150897	2.212642337	6.448219085	0.4900355780000005	58.51	0.879412870424944
EHI00490	ADM31	12.2332053	0.180662818	11.429117668	0.6234248139999998	60.47	0.955112177365162
EHI00493	ADM19	7.6209231	2.030328521	5.187948781	0.4026457979999991	46.12	0.801116997598643
EHI00496	ADM74	8.7432255	0.41508547	7.874501801	0.45363822900000006	67.76	0.888642052590266
EHI00499	ADL93	12.3564087	2.204637514	6.637493901	3.5142772849999995	33.08	0.819419409643803
EHI00504	ADJ26	8.9388144	2.167943278	6.237283824	0.5335872979999996	72.38	0.914248193477218
EHI00506	ADK20	11.26482	0.639271744	9.830172331	0.7953759250000001	68.82	0.942655454683508
EHI00507	ADM79	7.6000152	0.136492692	7.055747725	0.4077747829999998	66.21	0.910228089040962
EHI00512	ADL74	10.6372173	8.067540048	1.93972948	0.629947772	57.94	0.735607470116611
EHI00514	ADK06	8.555217	0.336676348	7.759518921	0.45902173100000176	66.72	0.940770906646565
EHI00518	ADL63	7.2707706	0.012341521	6.850199458	0.40822962100000026	73.06	0.931241600602854
EHI00519	ADK23	1.612038	1.483047741	0	0.12899025900000005	NA	NA
EHI00520	ADM56	7.7765388	7.340248494	0	0.43629030600000007	NA	0.657307743123955
EHI00524	ADI81	8.7693702	1.320091255	6.957466805	0.4918121399999995	59.28	0.909868411361177
EHI00525	ADI97	6.6249618	0.105964164	6.195158656	0.32383897999999967	72.9	0.920477920317122
EHI00527	ADM14	10.6119903	0.128178226	9.921467821	0.5623442530000009	66.11	0.942545149436149
EHI00529	ADM18	6.8882067	0.12993023	6.423214499	0.3350619709999991	67.91	0.905422059413132
EHI00536	ADK30	9.4544865	0.010876654	8.971085912	0.4725239339999998	74.14	0.953780885275793
EHI00537	ADM66	4.3684755	0.089579032	3.912337856	0.36655861199999995	31.61	0.719737554696824
EHI00538	ADL62	6.8919975000000004	2.638414328	3.803463099	0.4501200730000008	76	0.849071399664748
EHI00541	ADK28	9.1113522	0.152318595	8.250409396	0.7086242089999999	70.8	0.954331785920815
EHI00547	ADL34	16.8996084	2.648359289	13.228704611	1.0225445000000022	50.69	0.86185408848463
EHI00566	ADK11	9.8910024	0.218664855	9.101664168	0.5706733770000003	66.3	0.942903637056672
EHI00567	ADL70	6.9413103	0.133011864	6.351791723	0.45650671299999956	57.47	0.906649161872041
EHI00568	ADM61	6.1346148	0.219110833	5.390835348	0.524668618999999	58.63	0.904231713009275
EHI00569	ADM16	10.3278711	0.169999886	9.471963516	0.6859076979999994	56.36	0.911399254624469
EHI00589	ADK10	7.0440732	6.611270055	0	0.4328031449999994	NA	0.599966257785696
EHI00602	ADK31	5.9764002	5.351242092	0	0.6251581079999999	NA	0.668338749517062
EHI00659	ADJ92	4.7375085	4.170580454	0	0.5669280459999992	NA	NA
EHI00665	ABF99	1.8344883	0.003281978	1.762209969	0.06899635300000018	75.17	0.796813105294631
EHI00666	ABG09	3.1734915	0.016957925	3.037088293	0.11944528200000004	73.04	0.834587860553218
EHI00667	ABQ08	2.2385355	0.065157803	2.081398594	0.0919791029999999	74.84	0.800164913955166
EHI00668	ABQ42	3.4170951	0.187499662	3.029830288	0.19976515000000017	78.55	0.708849826052519
EHI00669	ABQ44	2.8131549	0.449470366	2.194433186	0.16925134799999997	69.63	0.695960482053214
EHI00670	ABQ45	4.08939	0.189088094	3.732441847	0.16786005899999967	68.59	0.786562709335768
EHI00671	ABQ46	3.5213874	0.077436259	3.308347271	0.13560386999999974	78.01	0.815161941679909
EHI00672	ABQ95	2.6767362	0.062523707	2.479040467	0.13517202600000022	74.08	0.786366362846178
EHI00673	ABR14	0.8782695	0.003041436	0.836797758	0.03843030600000008	68.6	0.608046079321332
EHI00674	AEV73	1.038585	0.003426275	0.97798736	0.057171365000000085	65.42	0.696925119063825
EHI00675	AEV79	3.1019295	0.005907583	2.95367164	0.1423502769999998	56.04	0.75676760485363
EHI00676	AEV81	3.7583505	0.143894863	3.478492119	0.13596351800000006	69.17	0.822473816629886
EHI00677	AEX06	8.3442096	0.004104165	8.002339393	0.33776604200000016	71.71	0.965398581122356
EHI00678	AEX07	3.815271	0.013499185	3.646847093	0.15492472200000007	70.4	0.803067503789335
EHI00679	AEX08	3.3060423	0.174405014	2.964925892	0.166711394	79.8	0.706866839858153
EHI00680	AEX11	3.5587662	0.02661083	3.400132859	0.13202251099999973	80.15	0.876997728634161
EHI00681	AEX12	1.5277902	0.004096014	1.46063185	0.06306233600000022	66.64	0.788694175124016
EHI00682	AEX14	1.5961296	0.177543909	1.361957203	0.05662848800000009	70.96	0.664673160487168
EHI00683	AEX21	2.0219751	0.021434874	1.930783069	0.06975715699999996	67.86	0.662516603735778
EHI00684	AEX32	3.1319427	0.706800995	2.302460325	0.12268137999999995	67.71	0.752140106579628
EHI00685	AEX36	6.1878237	0.070674269	5.926233449	0.19091598199999993	79.82	0.919602680751376
EHI00686	AEX38	4.3067556	0.038458002	4.109320243	0.1589773550000002	69.66	0.90183211755118
EHI00687	AEX41	1.2965601	0.002001019	1.24345071	0.051108370999999986	69.92	0.685066458432474
EHI00688	AEX44	3.8495508	0.120113355	3.605222761	0.12421468400000002	70.97	0.904213256867811
EHI00689	AEX46	2.0288388	0.011112116	1.932857223	0.08486946099999981	71.54	0.862067290714181
EHI00690	AEX48	2.459091	0.054358956	2.321823649	0.08290839499999958	64.79	0.766577010739926
EHI00691	AEX55	3.8460918	0.119452303	3.587666036	0.13897346099999996	70.56	0.903696470534597
EHI00692	AEX59	5.0992257	0.040174803	4.873372294	0.1856786029999995	75.36	0.819354212484139
EHI00693	AEX61	5.6557161	0.049839768	5.392263654	0.2136126780000005	72.22	0.875831574543234
EHI00694	AEX63	5.636328	0.365387845	5.010854722	0.26008543299999953	72.42	0.843434983562978
EHI00695	AEX73	5.527794	0.009130713	5.365124132	0.15353915499999982	74.75	0.89865634578028
EHI00696	AEX89	5.8680918	0.421501749	5.257899032	0.18869101900000018	68.34	0.844178041044387
EHI00697	AEX91	0.6807051	0.651084173	0	0.029620926999999964	NA	0.524173298420081
EHI00698	AEX92	2.1988524	0.0056684150000000004	2.117738762	0.07544522299999956	68.61	0.722848176659421
EHI00699	AEX95	2.9827335	0.044054292	2.832033716	0.10664549199999973	76.99	0.789096101399076
EHI00700	AEX97	2.4795558	0.018397453	2.345994448	0.11516389900000013	74.62	0.763024112439225
EHI00701	AEY21	11.6228595	0.229207892	10.895078347	0.49857326100000066	72.61	0.90653845226757
EHI00702	AEY22	3.1399374	0.061754108	2.961343788	0.11683950399999965	66.12	0.792077233736061
EHI00703	AEY25	4.4976696	0.016763099	4.258181797	0.222724704	68.08	0.856754294989384
EHI00704	AFK65	6.8441721	0.289842666	6.26006519	0.29426424399999984	79.09	0.815394898664897
EHI00705	AFK88	1.3085208	0.003256101	1.248085876	0.05717882299999988	76.88	0.71298409404343
EHI00706	AFK90	3.646611	0.026273275	3.493917432	0.12642029300000024	81.21	0.826718418321455
EHI00707	AFK92	2.1745383	0.01183523	2.05872184	0.10398123000000004	78.93	0.689819791242872
EHI00708	AFL04	1.5557895	0.010605702	1.474058117	0.07112568099999983	69.18	0.731306492642257
EHI00709	AFL08	6.7832976	0.037451934	6.509467635	0.2363780310000001	69.07	0.800379608771939
EHI00710	AFL15	3.4531566	0.081025805	3.2440012560000002	0.12812953899999968	78.83	0.815832840871242
EHI00711	AFM23	5.1457224	0.12255184	4.846612071	0.17655848900000048	75.06	0.897797598643107
EHI00712	AFM35	5.3727438	0.174339692	5.003258728	0.19514538000000048	70.86	0.867191925870797
EHI00713	AFM37	2.1504684	0.021260956	2.031988418	0.09721902599999988	71.48	0.801350335208589
EHI00714	AFM47	1.0581579	0.028236928	0.985005284	0.04491568800000001	69.14	0.619692813274028
EHI00715	AFM55	5.4451149	0.145892237	5.038122901	0.26109976199999974	66.23	0.872267420994324
EHI00716	AFM58	4.6733769	0.028889039	4.423285517	0.22120234399999994	68.29	0.862159985790558
EHI00717	AFM60	4.2387717	0.051492772	4.038549191	0.14872973700000003	71.16	0.852895102328829
EHI00718	AFM65	5.3284176	0.019363486	5.055363554	0.2536905599999999	68.31	0.839207672517017
EHI00719	AFM77	6.6952029	0.023531636	6.456354713	0.2153165509999999	77.98	0.870683942784531
EHI00720	AFM85	4.5451566	0.324605759	4.055038291	0.16551255000000076	68.91	0.803879305748141
EHI00721	AFM87	1.9991094	0.070972062	1.841956328	0.08618101	70.42	0.835127117128388
EHI00722	AFM89	7.776744	0.093834007	7.397268659	0.28564133400000014	64.68	0.89511005219466
EHI00723	AFM95	3.4960128	0.166320595	3.24573359	0.08395861499999979	71.63	0.84573826183802
EHI00724	AFM98	4.1355573	0.295192279	3.704340672	0.13602434900000038	70.28	0.810119216739274
EHI00725	ABQ40	4.0991043	0.094014445	3.88146866	0.12362119499999968	77.06	0.778256021113238
EHI00726	ABQ43	5.1819228	0.216704931	4.686635776	0.2785820929999998	72.47	0.850658617858411
EHI00727	ABQ50	6.8948217	3.308017882	3.334917431	0.25188638699999943	53.46	0.771318049098951
EHI00728	ABQ93	15.0552339	0.057196276	14.290818487	0.7072191369999992	76.53	0.945320796468195
EHI00729	ABR29	4.4210007	0.225636986	3.929545056	0.26581865800000015	67.62	0.780717086996933
EHI00730	AEX22	5.0781012	0.240792677	4.60959539	0.22771313299999996	78.24	0.754731083198906
EHI00731	AEX37	2.8527939	0.046461846	2.697223372	0.10910868200000001	78.5	0.713729532451158
EHI00732	AEX72	3.9859821	1.496559673	2.327784651	0.16163777600000007	68	0.708368291659835
EHI00733	AEX74	5.7063192	0.410017672	5.045191845	0.25110968300000014	72.86	0.861715040882844
EHI00734	AEY27	3.735807	0.015188196	3.578751673	0.1418671309999997	74.26	0.831491149703668
EHI00735	AFK63	3.4805571	0.197353647	3.124555474	0.15864797899999994	78.74	0.768282601762467
EHI00736	AFM27	3.3132978	3.087390426	0	0.22590737400000016	NA	0.583073781820688
EHI00737	AFM33	4.0662378	1.102880627	2.750686063	0.2126711099999996	64.5	0.892292394015909
EHI00738	AFM69	3.9848007	0.043603944	3.781111905	0.16008485100000014	75.43	0.892394028990492
EHI00739	AFM71	0.4467585	0.422693799	0	0.02406470100000002	NA	0.717795132349579
EHI00740	AFM75	4.3046445	0.138265584	3.976756028	0.18962288800000016	72.31	0.819605684557616
EHI00741	AFM81	4.4448759	0.032505935	4.24385243	0.16851753500000122	75.71	0.897446690511446
EHI00742	AEV83	5.6973135	0.37458643	5.095352709	0.22737436099999986	66.96	0.934875954083947
EHI00743	AEV85	6.8045367	0.482743845	6.012075874	0.3097169810000002	72.37	0.932888725585374
EHI00744	AEY28	5.2905603	0.309336578	4.723029455	0.25819426700000037	42.29	0.845951842440111
EHI00745	AFK61	4.6894395	0.130836942	4.354051746	0.20455081199999992	69.99	0.800668971486582
EHI00746	AFL05	7.8669174	0.300796763	7.14078649	0.42533414700000005	84.67	0.950419743187608
EHI00747	AFL06	4.862622	2.257468391	2.402797415	0.2023561939999996	69.55	0.742924061468363
EHI00748	AFM25	5.4636129	0.361920947	4.905292304	0.19639964900000084	72.39	0.799296744928011
EHI00749	AFM39	7.033635	2.682462794	3.966872786	0.38429942000000006	62.78	0.846806114204434
EHI00750	AFM63	3.3565773	0.838492755	2.35072942	0.16735512500000027	20.78	0.796859796950693
EHI00751	AEV75	4.5519021	0.106345524	4.233687505	0.21186907100000063	72.56	0.937267462231699
EHI00752	AEX24	8.5951002	0.427490753	7.665499851	0.5021095959999986	54.39	0.989400058522497
EHI00753	AEX26	3.3237477	0.079805146	2.835928106	0.4080144480000003	69.97	0.916027204541771
EHI00754	AEY26	3.5969319	0.132267214	3.214627263	0.25003742299999976	69.07	0.968855651382857
EHI00755	AEY29	2.6578368	0.124565547	2.330238185	0.20303306800000032	71.19	0.957682455253603
EHI00756	AFM73	4.239366	2.387208825	1.492713127	0.3594440480000003	56.19	0.727926158674968
EHI00757	AEV97	4.4547231	0.078835099	4.208979646	0.16690835499999945	77.16	0.90907522874901
EHI00758	AEX78	0.2360982	1.76764e-4	0	0.235921436	NA	NA
EHI00759	AFL24	4.9332279	0.122688367	3.765887589	1.044651944	65.59	0.834095062989242
EHI00761	AFU64	7.3217712	0.04128194	6.975762589	0.30472667099999917	78.12	0.937221477101027
EHI00762	AFU67	6.3913839	0.401871686	5.838515995	0.1509962190000005	75.22	0.901933651039436
EHI00763	AFU65	5.9617917	0.167321399	5.656062695	0.13840760599999946	70.77	0.91633135527091
EHI00764	AFU61	7.3582659	0.485858816	6.729359325	0.14304775899999989	73.17	0.928581697882405
EHI00765	AFU68	5.8925625	0.131783333	5.64182605	0.11895311700000111	77.73	0.926510343763898
EHI00766	AFU69	7.4528046	0.138942139	7.120190202	0.1936722590000004	76.66	0.994138876606617
EHI00767	AFU70	5.5795068	0.540805207	4.890142505	0.14855908799999984	68.29	0.910550865333915
EHI00768	AFU76	8.1250482	0.347879063	7.523017106	0.2541520310000003	84.2	0.95379924911217
EHI00769	AFU72	4.1172138	0.229388709	3.791403026	0.09642206500000006	62.35	0.845357518630504
EHI00770	AFU85	4.7227974	0.486656279	4.13468179	0.10145933100000004	63.9	0.913953196494558
EHI00771	AFU79	3.9962352	0.320197118	3.590069517	0.08596856500000039	73.31	0.855233077910854
EHI00772	AFU63	6.1890801	0.326568219	5.711421645	0.15109023599999993	77.45	0.930100415007181
EHI00773	AFU66	6.2339037	0.04327885	6.06108564	0.1295392099999999	80.92	0.937000745522888
EHI01236	AAW13	30.4951611	24.665990781	4.276466722	1.552703596999999	7.15	0.833834706064331
EHI01237	AAW31	16.5721011	8.672268673	6.842986484	1.0568459430000017	86.94	0.953064669739746
EHI01238	AAW19	12.7611438	8.179560503	3.758037167	0.82354613	1.15	0.723630347112227
EHI01239	AAW20	40.488288	32.625949364	4.079657007	3.782681628999997	4.63	0.83068192073401
EHI01240	AAW12	59.3729847	50.211220967	6.999481003	2.162282730000001	82.37	0.987908445343586
EHI01241	AAW21	9.3003975	3.648545017	4.979935665	0.6719168180000006	57.2	0.939079107808709
EHI01242	AAW26	35.159322	25.206169821	7.676465471	2.2766867080000033	31.75	0.874100584782935
EHI01243	AAW15	20.8559409	16.718377639	2.666326905	1.4712363560000004	18.74	0.848486564820128
EHI01244	AAW23	10.6217559	0.633011488	9.601030227	0.3877141850000001	82.53	0.985244977648027
EHI01245	AAW17	10.2610401	6.185644206	2.60247605	1.4729198440000006	35.64	0.75566963649465
EHI01246	AAW32	31.4098749	20.588802054	8.234807138	2.586265707999999	84.18	0.933808788167953
EHI01280	AGB78	7.598688	0.018606552	7.318063842	0.26201760600000057	99.55	0.960876040665571
EHI01281	AGB97	4.4716872	0.002048114	4.363104057	0.10653502899999978	100	0.968057968944247
EHI01282	AGD12	5.5234095	0.097149032	5.278931308	0.14732915999999996	100	0.966370712932483
EHI01283	AGD07	8.2916421	0.272615552	7.831375754	0.1876507940000014	100	0.972329893791642
EHI01284	AGC4	4.2591102	0.074801533	4.056583886	0.1277247810000004	90.17	0.946092694563717
EHI01285	AGC29	5.6605293	1.011389534	4.493685257	0.15545450900000013	100	0.948435594471554
EHI01286	AGD32	5.1529716	0.044026595	4.902671275	0.2062737299999995	100	0.982315297242645
EHI01287	AGC12	3.0574407	0.129656036	2.826215121	0.10156954299999965	98.12	0.931039141782268
EHI01288	AGD39	2.0696943	0.011457362	1.983878444	0.07435849400000039	100	0.932907127672223
EHI01289	AGC32	5.8995789	1.91439e-4	5.724389869	0.17499759199999954	100	0.957287776168672
EHI01290	AGC51	3.2793465	0.037453172	3.153109649	0.08878367899999962	91.04	0.925110782771454
EHI01291	AGB82	4.0856934	7.2002e-5	3.964146985	0.1214744130000005	98.62	0.973585467355637
EHI01292	AGC18	6.1496145	0.005501443	5.964480529	0.17963252799999996	75.65	0.967324413349605
EHI01293	AGB96	2.4864675	0.139669644	2.272213607	0.07458424899999994	94.63	0.946965603265166
EHI01294	AGD15	4.0273281	0.015028892	3.932186602	0.08011260600000014	100	0.945458639755439
EHI01295	AGD34	3.6372543	0.011778817	3.446327302	0.17914818099999996	100	0.966306518383008
EHI01296	AGC96	5.137413	0.042674539	4.9333621	0.1613763609999994	100	0.95280755439438
EHI01297	AGD20	4.3798011	0.004675717	4.267981994	0.10714338899999998	100	0.954570500254468
EHI01298	AGD24	9.2222799	0.011874819	8.906989824	0.30341525699999927	100	0.981637691858748
EHI01299	AGD06	6.5861139	0.062244382	6.362870675	0.16099884299999978	100	0.976361852940309
EHI01300	AGB79	5.613672	0.042086962	5.382823318	0.18876172000000047	100	0.966013052482655
EHI01301	AGD38	5.134305	0.003299384	4.973994875	0.15701074100000056	100	0.96174767939484
EHI01302	AGD17	5.0035437	0.034046436	4.836853424	0.13264384000000007	100	0.975363172695676
EHI01303	AGC48	3.0155913	7.72127e-4	2.945240633	0.06957854000000019	86.06	0.940596223269155
EHI01304	AGC09	2.8236609	0.017047364	2.705166311	0.10144722499999981	99.28	0.939272208011885
EHI01305	AGC33	4.3551402	0.003399219	4.200906995	0.15083398599999942	100	0.952862651088502
EHI01306	AGC06	8.1196485	0.06225765	7.793182719	0.26420813100000107	92.5	0.971642471489235
EHI01307	AGD33	3.1157919	0.011809357	2.98160566	0.12237688299999983	100	0.930615805426662
EHI01308	AGB99	7.1486982	0.346411417	6.607302774	0.19498400900000057	97.29	0.978615402650407
EHI01309	AGC94	5.3548728	0.012305564	5.194532574	0.1480346619999997	100	0.981701791546689
EHI01310	AGD37	5.0649819	0.012530735	4.881907472	0.17054369299999994	100	0.979192452781118
EHI01311	AGB87	5.1027729	0.017176644	4.951512745	0.13408351100000004	100	0.970056643051258
EHI01312	AGD14	3.9796701	0.035874973	3.769676465	0.17411866200000015	93.06	0.976884060354189
EHI01313	AGD21	6.9860349	0.022459522	6.721463851	0.2421115269999996	100	0.969286557603106
EHI01314	AGC23	4.9359525	0.058632783	4.714791156	0.16252856099999935	99.75	0.959738210963777
EHI01315	AGC42	5.6205147	0.370691905	4.985455542	0.26436725299999964	95.75	0.951237172704974
EHI01316	AGD02	3.1507464	0.058320006	2.95984746	0.13257893399999965	93.61	0.926841789635046
EHI01317	AGC05	6.3043422	0.559944877	5.583636504	0.16076081899999917	89.31	0.950980010985752
EHI01318	AGD19	4.0716117	9.96368e-4	3.967378751	0.103236581	100	0.957076662475983
EHI01319	AGC50	4.489737	0.966524804	3.333332529	0.18987966699999959	100	0.943510279247923
EHI01320	AGC24	11.1623442	0.048449012	10.841350545	0.2725446429999998	96.31	0.983121041085614
EHI01321	AGD18	20.6884593	0.065641331	20.115590239	0.5072277300000039	98.91	0.990443147094555
EHI01322	AGD40	8.7283251	0.028936514	8.391035278	0.30835330799999916	100	0.980337298961988
EHI01323	AGD10	6.4386993	0.011392957	6.25990467	0.16740167299999964	100	0.972888963594929
EHI01324	AGD11	5.7790926	0.205005134	5.412338431	0.1617490349999997	100	0.965205978058948
EHI01325	AGB90	3.6227211	0.028877445	3.495571363	0.09827229200000032	91.96	0.919510545719329
EHI01326	AGD29	5.4633732	0.004200157	5.277583976	0.18158906700000088	99.45	0.957682455253603
EHI01327	AGD28	7.22598	0.995848373	5.963392503	0.2667391239999999	100	0.96499502770359
EHI01328	AGC98	6.2829405	0.027879864	6.061945401	0.1931152349999996	99.53	0.979201612049374
EHI01329	AGD36	6.3030012	0.052717026	5.979999947	0.2702842270000003	100	0.981692634472487
EHI01330	AGC46	6.6260307	0.166601956	6.265662956	0.19376578800000033	90.83	0.971449985057823
EHI01331	AGD04	3.628308	0.012776481	3.511673995	0.10385752399999992	96.76	0.958389167997186
EHI01332	AGD09	6.2598795	0.018005686	6.009225904	0.23264790999999985	100	0.973686273231701
EHI01372	AGZ79	5.9729877	2.377499446	3.289816519	0.3056717350000002	2.51	0.747528721083135
EHI01381	AGB81	6.4483272	0.002588567	6.276705668	0.16903296499999954	90.78	0.954331785920815
EHI01382	AGC41	6.6494868	0.043510685	6.400784626	0.20519148899999973	92.08	0.95705830455683
EHI01383	AGC55	6.3701745	0.00199439	6.144454295	0.22372581499999988	97.84	0.980318982412219
EHI01384	AGC36	7.3175145	0.143680261	6.872446871	0.30138736799999943	98.33	0.964242908562536
EHI01385	AGC34	8.3448165	7.24022e-4	8.099878023	0.24421445499999983	86.06	0.976178616050506
EHI01436	AAP17	2.1683202	0.002155664	2.062930037	0.10323449900000004	59	0.46157686170638
EHI01437	AAP06	5.3016408	0.001776019	5.152975041	0.14688973999999977	79.58	0.836279900801785
EHI01438	AAP52	4.1262903	0.001443667	4.01143632	0.11341031300000015	78.59	0.841149696171636
EHI01439	AAP07	3.2595969	5.53848e-4	3.161937387	0.09710566499999995	76.32	0.822101385102888
EHI01440	AAP82	3.5437668	4.12702e-4	3.461742904	0.08161119400000016	77.68	0.920680596222533
EHI01441	AAP02	3.2905761	0.001532668	3.190616931	0.09842650100000006	70.9	0.802544923814953
EHI01442	AAO97	3.3165852	0.003948668	3.222187443	0.09044908899999982	69.3	0.742378842934791
EHI01443	AAP46	2.826663	0.001670709	2.741501491	0.08349079999999987	79.03	0.777984604109689
EHI01444	AAO92	4.2913152	0.008828658	4.128919564	0.15356697799999974	59.41	0.825824988448631
EHI01445	AAQ15	3.792522	4.93809e-4	3.548815093	0.24321309800000002	78.33	0.868970518326558
EHI01446	AAP48	4.2691521	0.070186879	4.021692793	0.1772724280000002	3.04	0.612871897624565
EHI01447	AAO96	2.47185	9.28745e-4	2.397840255	0.07308099999999973	91.14	0.825136240944234
EHI01448	AGO82	5.4053745	0.001447619	5.237386393	0.166540487999999	74.16	0.905403605552628
EHI01449	AAO94	2.5508487	7.12056e-4	2.469268928	0.0808677160000002	70.48	0.552126676403791
EHI01450	AAP37	3.1788501	8.08493e-4	3.08290676	0.09513484699999974	83.85	0.843955130254305
EHI01451	AAP01	4.4557284	0.006054971	4.294808146	0.15486528299999947	69.87	0.825899444405135
EHI01453	AAV28	4.3299045	0.011051579	4.205472766	0.11338015499999976	86.56	0.87575752809047
EHI01454	AEU09	4.0221921	0.458621857	3.379557396	0.18401284699999998	80.56	0.929226030595495
EHI01455	AAA52	4.978401	0.141106098	4.547029497	0.2902654050000004	83	0.825508543596707
EHI01456	AAU78	2.2746054	0.004121604	2.093598492	0.17688530400000024	83.73	0.825545772994242
EHI01457	AEM04	4.873566	1.155426469	3.512740959	0.20539857200000045	81.76	0.912883757416958
EHI01458	ACH13	17.3368968	4.830192899	11.732872621	0.7738312800000013	87.71	0.963371482097142
EHI01459	AAB38	1.6101684	0.029231598	1.507364232	0.07357257000000006	83.96	0.749426192150498
EHI01460	ACH07	8.9482773	1.190588792	7.333306758	0.4243817500000011	85.05	0.93170171890897
EHI01461	AAA86	5.207715	3.718641261	1.338362043	0.15071169600000012	77.38	0.893336410616511
EHI01462	ACH19	6.2964351	0.070055758	5.978499274	0.24788006800000062	90.74	0.943914687016838
EHI01463	AAV34	6.7729146	0.373828587	6.143774948	0.2553110649999999	82.41	0.841521327290311
EHI01464	ABA79	10.3219479	0.114736867	9.766932496	0.4402785369999993	81.56	0.919823801290172
EHI01465	AAV06	5.4430095	0.179509669	5.082289912	0.1812099189999996	80.49	0.857691015819323
EHI01466	ACG72	0.7109094	0.684340258	0	0.026569142000000046	NA	0.591972228299713
EHI01467	AAV18	24.5783052	0.581850934	23.238747946	0.7577063200000005	82.18	0.950621810560096
EHI01468	ABB40	1.9140321	0.151042974	1.696946557	0.06604256899999994	77.39	0.740000121680607
EHI01469	AAU79	4.9072539	0.079638123	4.621358927	0.20625684999999994	79.78	0.852904381198642
EHI01470	ADV61	7.5498573	0.099234229	7.208121896	0.24250117500000012	78.84	0.965783776420145
EHI01471	AAV72	4.9224738	0.050665781	4.642488395	0.2293196239999995	80.78	0.883353488689905
EHI01472	ABA27	5.07384	3.347051432	1.441149797	0.28563877099999946	81.63	0.750910038108319
EHI01473	ABB09	3.219111	0.058439084	3.029920363	0.13075155299999963	81.16	0.781540398686881
EHI01474	AAV84	3.8778723	0.220329228	3.483421244	0.1741218280000001	74.42	0.921822872964593
EHI01475	AAU62	5.8805733	0.054698816	5.588756801	0.23711768300000013	80.46	0.904120975629594
EHI01476	ACH48	6.7175082	0.127780656	6.337228308	0.25249923600000024	79.14	0.973924537768638
EHI01477	AAA90	6.1532094	0.48611413	5.413162385	0.2539328850000002	81.24	0.83601960786747
EHI01478	AAV76	14.6338707	5.487529086	8.640822197	0.5055194169999986	90.15	0.996077703255848
EHI01479	ABB27	0.7757583	0.747445678	0	0.028312622000000065	NA	0.558396452776433
EHI01480	AAB24	26.7851508	0.605861753	25.018898098	1.160390949	79.98	0.972522363853154
EHI01481	ABA30	0.6330018	0.595243372	0	0.037758427999999955	NA	0.579601284286426
EHI01482	AAV05	2.7297402	0.203365762	2.416450119	0.10992431900000055	79.2	0.722471198653093
EHI01483	ADV66	5.926269	1.099011941	4.520936787	0.3063202719999989	71.5	0.638330840772636
EHI01484	ACH20	1.7998779	0.649552723	1.095970756	0.054354420999999986	81.12	0.819810582369102
EHI01485	ABC11	2.6075733	1.509404618	0.912091002	0.1860776799999998	75.25	0.705393426084961
EHI01486	AEM06	4.2531204	0.609211455	3.506858483	0.13705046200000037	84.81	0.962096314103111
EHI01487	ADW06	4.3853499	0.046558917	4.207510286	0.13128069700000022	85.81	0.936899575250323
EHI01488	AAW45	4.4571345000000004	4.306920558	0	0.1502139420000006	NA	0.691864102243498
EHI01489	AAW76	3.4492548	1.68427487	1.554824951	0.2101549789999997	70.52	0.41281645480626
EHI01490	AAA51	4.95e-5	1.938e-5	0	3.0119999999999996e-5	NA	NA
EHI01491	AAU87	4.4923884	0.058623019	4.091704026	0.34206135500000023	80.91	0.851048418345882
EHI01492	AAB06	4.6697226	1.135336149	3.307414206	0.22697224500000024	63.99	0.99196184595033
EHI01493	AEM26	6.8594454	3.750090157	2.877546651	0.2318085920000006	77.97	0.925589602323784
EHI01494	ABA48	8.0019651	1.269742653	6.37845192	0.353770527	80.35	0.861603801283709
EHI01495	ACH10	4.8887142	0.140659102	4.456469691	0.29158540700000035	77.11	0.926280166466196
EHI01496	ACH28	3.5614662	0.275328933	3.12094075	0.16519651700000004	74.21	0.87026719304116
EHI01497	ABB64	5.436435	0.058515074	5.079936726	0.2979832000000009	80.4	0.882650588829467
EHI01498	AEL49	5.2871121	0.127318305	4.967002806	0.1927909889999997	86.7	0.995785072912108
EHI01499	ABA33	4.2476724	0.571582604	3.491143687	0.18494610899999975	80.95	0.838919585224984
EHI01500	ACH57	3.8108877	1.559312703	1.961901376	0.2896736209999997	75.3	0.862308295965321
EHI01501	AAW09	8.7318708	2.265649808	6.115609193	0.3506117989999993	90.85	0.992858324644765
EHI01502	AAV31	4.3711794	0.024941583	3.965215698	0.3810221189999994	85.14	0.865829959381404
EHI01503	AAU92	7.147761	0.305856304	6.367242869	0.47466182700000026	83.39	0.926878616266621
EHI01504	ADV92	3.9802122	2.059050301	1.724222917	0.19693898199999982	79.41	0.925515939292241
EHI01505	AAV04	4.2269361	0.071847722	3.894340935	0.26074744299999963	82.96	0.858154703430738
EHI01506	AEL96	7.3546773	0.001974994	7.035690113	0.31701219299999917	76.85	0.919215707787765
EHI01507	ABA36	5.795334	0.966484072	4.518333787	0.3105161409999999	79.34	0.881577640260585
EHI01508	ABB21	5.6685717	1.284304049	4.043798515	0.3404691360000003	79.96	0.857218030192011
EHI01509	AAZ45	4.2480108	3.990534239	0	0.25747656100000027	NA	0.655234528164414
EHI01510	AAU57	7.0275522	0.071054228	6.634217386	0.32228058599999887	80.14	0.871415524791451
EHI01511	ACG52	4.9361073	0.320144562	4.130432723	0.48553001499999926	10.98	0.674137161794585
EHI01512	AAZ79	8.0838768	0.435914912	7.270340006	0.3776218820000006	82.86	0.922053154582508
EHI01513	ABA80	5.0707317	0.140443599	4.733769631	0.1965184699999991	76.82	0.863225911902866
EHI01514	AAU49	5.9136729	0.051428097	5.566217953	0.2960268500000005	82.97	0.910689194740065
EHI01515	ACH54	5.3967078	0.678665521	4.466059796	0.2519824829999999	82.02	0.906307803178331
EHI01516	AEL11	3.9961581	1.356854283	2.452080014	0.1872238030000002	74.91	0.877793591423322
EHI01517	ABA17	7.1087397	0.73147595	5.982903807	0.39435994300000043	81.21	0.919040643562267
EHI01518	AAV99	5.7048534	3.478963343	1.998437469	0.227452588	69.67	0.98492458375769
EHI01519	ABC05	4.8673548	0.322613761	4.254087826	0.2906532129999997	86.38	0.911233271255605
EHI01520	AEL88	3.379647	0.024675246	3.203396216	0.1515755379999999	80.65	0.842088035064284
EHI01521	AAZ47	3.2877189000000002	1.57842169	1.549516473	0.15978073700000017	81.64	0.812095644181028
EHI01522	AEL13	7.4503281	3.167358732	3.952797002	0.3301723659999998	94.95	0.954414418440309
EHI01523	ABA43	6.0381339	0.776017555	5.038484038	0.22363230699999992	78.9	0.866913989857001
EHI01524	ADW11	5.983689	1.362065227	4.41412421	0.20749956299999983	83.81	0.969222381221733
EHI01525	ADV95	4.9493514	0.247831469	4.500840295	0.20067963600000027	82.13	0.99260219563776
EHI01526	AAA66	4.969779	0.173574448	4.598882145	0.1973224069999997	85.62	0.899948938063171
EHI01527	ABB06	3.5178519	0.067622433	3.245114745	0.20511472200000025	74.67	0.876655301676875
EHI01528	AEM07	7.6539702	4.112727931	3.198798717	0.34244355199999976	76.63	0.936816798809353
EHI01529	ABA78	4.5509649	0.629509565	3.720487508	0.20096782699999993	81.77	0.862836631490706
EHI01530	ADV31	5.9736432	2.897393046	2.86001217	0.21623798399999972	78.65	0.83778573203036
EHI01531	AAW36	5.8535943	2.057299637	3.639696476	0.15659818700000017	4.87	0.816149636359077
EHI01532	AAW46	9.4065228	1.377880516	7.838962047	0.18968023700000014	93.56	0.888577350307026
EHI01533	AAW75	10.8132198	8.699221969	1.855801486	0.25819634500000066	78.19	0.985125975345867
EHI01534	AAW89	7.7131899	6.433200035	1.086725401	0.19326446400000008	83.84	0.925755342131092
EHI01535	AAW63	8.9078877	5.291594991	3.403085319	0.21320738999999955	82.64	0.936320125730796
EHI01536	AAW51	6.580044	5.281216318	1.033576843	0.2652508389999997	21.96	0.77492352682315
EHI01537	AAW69	5.163489	3.320139729	1.588576275	0.25477299600000003	31.41	0.79280600213845
EHI01538	AAW73	4.0471956	0.884653682	2.965321447	0.19722047100000006	66.75	0.986910868177611
EHI01539	AAW72	4.5554808	4.239191401	0	0.3162893989999995	NA	0.635364820907351
EHI01540	AAW64	5.3542197	2.778558829	2.336358896	0.2393019749999996	79.44	0.843360674433049
EHI01541	AAW86	12.5126715	2.97202647	9.1669545	0.3736905300000011	80.49	0.926252544829382
EHI01542	AAW40	5.7273843	5.533881856	0	0.19350244399999994	NA	0.875813062985182
EHI01543	AAW62	8.2351077	7.960384226	0	0.27472347399999997	NA	0.865477853681397
EHI01544	AAW60	10.8674805	9.62549816	0.906716853	0.3352654869999998	70.03	0.941350098151141
EHI01545	AAW37	6.1354608	3.741825832	1.886217107	0.5074178609999997	51.91	0.698371839476469
EHI01546	AAW68	3.8392758	2.452450647	1.117974666	0.2688504869999997	23.38	0.708953682382058
EHI01547	AAW38	10.7095458	10.228180264	0	0.4813655360000002	NA	0.785132079388815
EHI01548	AAW65	4.4176224	3.22494155	0.982433886	0.21024696399999987	76.93	0.756598696390923
EHI01549	AAB39	6.3408837	0.453750722	5.616181142	0.27095183600000006	85.4	0.915925818857137
EHI01550	ACG85	6.448026	1.480843374	4.6784834	0.2886992259999994	40.57	0.839653724833769
EHI01551	AAA54	4.0080504	0.120351562	3.655412429	0.23228640899999986	82.11	0.889566322617312
EHI01552	ACG51	5.0964159	0.690911399	4.074082206	0.3314222950000003	78	0.916884332300763
EHI01553	ACH53	4.5596538	0.101359948	4.250751983	0.20754186900000082	78.84	0.935418692834944
EHI01554	AAV49	3.6328491	0.870101896	2.512154268	0.2505929359999999	82.17	0.880800600918858
EHI01555	AAV42	0	0	0	0	NA	NA
EHI01556	AAV32	8.0619777	0.04740245	7.499677064	0.5148981859999999	80.98	0.917031787549775
EHI01557	AAA80	5.0140974	0.075416642	4.654266459	0.2844142989999998	84.74	0.892440226346709
EHI01558	ACG53	7.138968	2.288170052	4.581399008	0.2693989400000003	79.06	0.967682028228191
EHI01559	ABC03	3.5661375	0.446273691	2.883026351	0.2368374580000001	76.55	0.940669774536355
EHI01560	AAX65	8.6608269	3.016272274	5.325727637	0.3188269889999997	55.51	0.952192287638817
EHI01561	AAW44	6.6680412	6.496881934	0	0.1711592660000001	NA	0.966288177009569
EHI01562	AAW59	7.3536012	1.376593641	5.789571032	0.1874365270000009	100	0.926620826958478
EHI01563	AAW52	7.6360401	6.505230546	0.856033676	0.2747758779999998	73.66	0.885221467245727
EHI01564	AAW42	5.5322796	4.30641303	0.928427473	0.29743909700000004	52.48	0.926326202355592
EHI01565	AAW49	0.9015798	0.86941007	0	0.03216973000000001	NA	0.758850518304903
EHI01566	AAX43	8.2496574	6.319007036	1.584653835	0.345996529	6.22	0.900816723577064
EHI01567	AAX61	8.2267062	1.293786373	6.7057344	0.2271854270000011	85.37	0.950052337623421
EHI01576	AAW48	10.2765864	8.806366768	0.941093367	0.5291262649999992	15.77	0.818189895385359
EHI01584	AAQ19	5.9733804	0.001124632	5.659141508	0.31311425999999987	72.24	0.874794870657568
EHI01585	AAP03	10.7258331	0.010705116	10.280510481	0.43461750299999835	55.42	0.865626110352979
EHI01586	AAW41	10.0879137	6.333270499	3.039040956	0.7156022449999995	58.45	0.974162796829437
EHI01587	AAW47	9.0246108	8.426614056	0	0.5979967439999996	NA	0.992958945056225
EHI01588	AAW84	7.6628241	5.949247617	1.108581035	0.6049954479999997	33.79	0.991550172072879
EHI01610	AAO82	3.0516258	0.002231717	2.953302267	0.09609181599999994	79.23	0.763596055719873
EHI01611	AAO95	3.3180507	0.002113926	3.187394291	0.12854248300000037	69.91	0.542772356924385
EHI01612	AAP90	3.2131182	3.96947e-4	3.118261463	0.09445978999999971	65.46	0.860769461267073
EHI01613	AAP49	3.2889894	0.003535185	3.167741867	0.11771234799999997	77.17	0.830179603434453
EHI01614	AAP51	3.5105709	0.058376688	3.297741092	0.1544531199999999	0.5	0.534285241651212
EHI01615	AGO85	5.0046924	0.083411317	4.653525482	0.2677556009999993	0.36	0.560616817253185
EHI01616	AGO80	3.4839321	8.46441e-4	3.349969716	0.13311594299999996	68.62	0.753557737344052
EHI01617	AAQ20	2.5341579	6.00034e-4	2.428592048	0.10496581799999971	63.57	0.786076509609623
EHI01618	AAP86	3.08301	0.001938639	2.923106168	0.1579651929999999	47.34	0.707565665982226
EHI01619	AGO81	4.9011636	0.001610432	4.68531481	0.21423835800000024	52.75	0.740658337688869
EHI01620	AAP88	2.9066232	0.002882104	2.752488903	0.15125219299999948	42.67	0.693614565634277
EHI01621	AGO79	3.8838222	9.0844e-4	3.738539422	0.144374338	73.15	0.802974188280464
EHI01622	AAQ02	3.8491977	0.063264765	3.625829349	0.16010358599999996	0.13	0.555701939980911
EHI01623	AAP80	3.8485515	1.11578e-4	3.709388615	0.13905130700000035	73.19	0.890619880412952
EHI01624	AAQ04	3.7782096	0.063242557	3.526117153	0.18884988999999974	0.85	0.551981687494353
EHI01625	AAP81	4.2802971	0.004361014	4.141361957	0.13457412900000065	67.23	0.857904315044854
EHI01626	AGO83	3.4874646	0.061394825	3.279167422	0.1469023530000002	0.14	0.548926421061369
EHI01627	AAQ17	3.3677223	6.52453e-4	3.25196139	0.11510845700000027	69.82	0.818730157862558
EHI01628	AAP87	3.2344413	0.002521283	3.101183225	0.13073679199999955	55.39	0.755022046441676
EHI01629	AAP72	3.1251951	0.052425047	2.928733595	0.14403645799999998	0.8	0.545627647033145
EHI01630	AAP70	2.5738611	0.042159742	2.413790438	0.11791091999999992	1.21	0.527358288904374
EHI01631	AAP85	2.6807607	0.001705834	2.579726868	0.09932799800000014	68.81	0.817863858710863
EHI01727	AAA01	2.9767269	2.909581401	0	0.067145499	NA	NA
EHI01728	ABB91	3.077685	0.169658482	2.780894049	0.12713246899999975	78.64	0.881725640457412
EHI01735	AAZ76	2.4184686	0.288593548	1.92545841	0.20441664199999998	75.4	0.795132034342774
EHI01739	AAU73	4.0609794	0.388950564	3.512964882	0.15906395400000006	85.32	0.898720979540937
EHI01741	ABA70	4.7029539	1.507145057	2.905291696	0.2905171470000001	85.72	0.825759838969342
EHI01742	AAU58	9.063081	0.385063652	8.42567413	0.25234321800000004	78.95	0.905975658801013
EHI01743	AAZ89	4.6038981	0.320563652	4.007599716	0.275734732000001	80.66	0.848310178625321
EHI01746	AAB35	3.3511473	0.965506234	2.232668463	0.15297260299999982	82.07	0.790647543432369
EHI01751	AAA81	6.2468661	0.726226713	5.273355187	0.24728420000000018	78.14	0.916497251670894
EHI01755	AAA04	6.062499	5.881370259	0	0.1811287410000002	NA	0.565546937787316
EHI01759	AAA08	3.5931	3.4927944	0	0.1003056	NA	NA
EHI01760	AAA02	7.6911876	7.49533173	0	0.19585586999999993	NA	NA
EHI01761	AAA11	6.3484011	6.168808067	0	0.17959303300000062	NA	NA
EHI01770	ABC40	1.4404722	0.051362337	1.303585564	0.08552429900000003	84.03	0.867868201886603
EHI01771	ABB94	4.3934547	0.079711632	3.988361968	0.3253811	13.87	0.783214838202395
EHI01803	ABB41	8.7312117	7.016245396	1.475962535	0.23900376899999887	78.21	0.987194592420459
EHI01827	AAV11	0	0	0	0	NA	NA
EHI01831	ABC08	4.249362	0.630770797	3.228004361	0.3905868419999994	85.12	0.922900544421555
EHI01832	AFV10	4.3660314	0.645332482	3.244321503	0.4763774149999995	66.07	0.968177166794933
EHI01836	AFV16	3.7420572	0.208710433	3.376584262	0.1567625050000001	70.19	0.794450171539124
EHI01838	AFV14	4.4418948	0.201750565	4.074254484	0.16588975099999992	68.53	0.783009059307959
EHI01844	AFV13	4.5887661	0.134647506	4.048205135	0.40591345899999975	54.17	0.95446950641323
EHI01846	AFV09	4.8190896	0.274818457	4.25230789	0.2919632529999996	72.83	0.834541371385074
EHI01847	AFV11	5.4543345	0.244902415	5.001611993	0.2078200919999995	67.7	0.839718772269731
EHI01850	AFV12	4.8381741	0.099901318	4.522828426	0.2154443559999999	71.01	0.812962519232613
EHI01855	AFV17	4.7485638	2.79655842	1.589118845	0.3628865350000001	52.52	0.683276054991598
EHI01857	AFV15	6.4135863	0.008822464	5.771494212	0.6332696240000004	52.4	0.913575218536552
EHI01858	AFV08	4.6895772	0.078211458	4.38824164	0.223124101999999	61.63	0.757846658695917
EHI01861	AIQ49	4.5283545	0.011886522	4.234895895	0.2815720829999995	69.39	0.7936374687066
EHI01963	AIQ78	3.6518976	0.377956197	3.03600747	0.23793393299999988	62.48	0.834448392318857
EHI01964	AIQ80	4.9739604	2.739970327	1.884110192	0.3498798810000001	61.02	0.740028332065932
EHI01965	AIQ76	5.925459	0.398887483	5.168254603	0.35831691399999954	64.97	0.862058021155043
EHI01966	AJP46	4.787655	0.005030679	4.425727812	0.35689650900000025	52.92	0.855168142259739
EHI01967	AJP47	5.721528	7.09418e-4	5.451556572	0.2692620100000003	73.71	0.879172309559394
EHI01968	AJP58	7.2419889	1.67184e-4	6.895055875	0.34676584099999985	71.47	0.906197089656745
EHI01969	AIQ50	3.5675523	0.026139904	3.296915018	0.24449737800000015	65.01	0.85744988895448
EHI01970	AJP49	5.3324709	2.35551e-4	5.075407128	0.25682822099999925	68.65	0.87485966803066
EHI01971	AIQ56	5.3247705	0.014993899	4.971521622	0.33825497899999935	61.41	0.883575446148497
EHI01972	AIQ86	7.3839009	0.054667824	6.858900374	0.4703327020000003	65.54	0.920275240219039
EHI01973	AIQ60	6.753219	0.06472948	6.353710228	0.33477929199999945	72.89	0.91528983005267
EHI01974	AIQ52	4.2705552	0.05274709	3.850672593	0.3671355169999999	65.75	0.83992320398684
EHI01975	AIQ58	7.7723604	0.123580711	7.218268633	0.4305110560000003	70.73	0.886728526506916
EHI01976	AIQ55	4.9265991	0.011574334	4.529404525	0.3856202409999998	62.66	0.838296913190968
EHI01977	AIQ81	6.8246697	0.747098387	5.66170333	0.41586798300000005	64.81	0.830430765652469
EHI01978	AIQ51	5.2720311	0.004864216	4.874176323	0.3929905610000004	63.62	0.853563156722147
EHI01979	AJP48	5.4350178	4.29188e-4	5.127758218	0.30683039399999945	68.31	0.822427263555611
EHI01980	AIQ59	7.6936269	0.013798033	7.308701488	0.3711273790000007	74.64	0.88254884896764
EHI01981	AIQ87	4.6484286	0.020488667	4.264575064	0.36336486899999976	68.26	0.838445614938293
EHI01982	AJP57	3.6322545	0.003106822	3.397017215	0.2321304630000003	61.11	0.769472556192756
EHI01983	AIQ83	4.0663116	0.146776195	3.677641446	0.24189395899999955	73.32	0.836726099554556
EHI01984	AIQ79	7.4740737	0.007477209	7.023468226	0.44312826499999947	69.84	0.911094949611736
EHI01985	AJP55	5.7975801	2.94977e-4	5.462273038	0.3350120849999998	70.59	0.814835791392464
EHI01986	AIQ54	4.6734051	0.016788774	4.34616063	0.310455696	63.47	0.868720424443495
EHI01987	AIQ57	4.6686777	0.001120181	4.238264556	0.42929296299999997	67.52	0.850046040325601
EHI01988	AIQ85	5.4793347	0.197271999	4.9857199230000004	0.29634277799999964	66.9	0.883085283103151
EHI01989	AJP56	4.9759491	5.70792e-4	4.650449132	0.3249291759999995	71.6	0.813894546063226
EHI01990	AIQ84	5.3049813	0.010910854	4.975435962	0.3186344840000004	66.08	0.863874675945289
EHI01991	AIQ53	4.3460046	0.021159611	4.008645786	0.31619920300000004	62.43	0.814751922193479
EHI01992	AJP69	4.4565711	6.5086e-4	4.244705388	0.21121485199999945	64.39	0.790909204247166
EHI01993	AIQ82	3.3153348	0.006054774	3.106599266	0.20268076000000024	77.6	0.8822436227702
EHI01994	AIQ77	5.2283931	0.064796021	4.827660684	0.33593639500000005	67.25	0.888956314528249
EHI01995	AJP38	3.9269337	0.001014484	3.681776071	0.24414314500000023	71.01	0.733076109482271
EHI01996	ABA24	4.0781364	0.492029972	3.131665228	0.45444119999999977	74.51	0.770765381585551
EHI01997	ADU68	5.9527821	0.619726542	4.971548164	0.3615073940000002	73.84	0.836001015223701
EHI01998	AEM33	3.8959392	0.037134186	3.638135289	0.22066972500000004	72.18	0.911934070608864
EHI01999	AEM16	5.0325354	0.897565494	3.674904988	0.46006491800000004	80.04	0.918082341748026
EHI02000	AAZ62	2.739357	0.206114307	2.207615419	0.3256272739999999	75.4	0.715588092114422
EHI02001	ABB49	3.988725	0.119611674	3.300896153	0.5682171729999999	75.65	0.770175203982632
EHI02002	AAV53	5.5738623	0.242427677	4.76226956	0.5691650629999998	68.27	0.800015557847243
EHI02003	AAA74	4.89729	0.514715809	4.070643032	0.31193115899999935	76.25	0.790965273363592
EHI02004	ABB81	6.9596355	1.357285747	5.220439933	0.3819098200000006	74.08	0.821468215122684
EHI02005	AAV68	5.7501117	1.92754973	3.535618721	0.2869432489999997	78.45	0.831965490904353
EHI02006	AAV58	6.2298765	0.055147896	5.841418257	0.3333103469999994	74.08	0.811937173754245
EHI02007	ACH02	4.4196285	1.110635435	2.950752742	0.35824032299999997	77.25	0.855400053172592
EHI02008	ABB14	3.4121721	0.037243981	3.093839848	0.2810882709999998	75.27	0.767664131883159
EHI02009	ACG56	4.2626367	0.2726259	3.747872446	0.24213835399999972	70.11	0.915335917592854
EHI02010	ADW01	4.2417567	4.05026e-4	3.972261771	0.2690899029999998	79.95	0.334503864801692
EHI02011	ACG49	5.6494785	3.084715614	2.212910782	0.3518521040000002	73.23	0.799679497025373
EHI02012	ADV63	6.3454404	1.507774171	4.494140709	0.34352552000000003	71.68	0.896467773360917
EHI02013	AAZ57	4.1022024	0.029480386	3.728406764	0.3443152500000002	75.21	0.74577174792565
EHI02014	AEM52	4.8203994	0.05326225	4.392267285	0.37486986499999997	78.21	0.78044575050549
EHI02015	ACG94	3.417792	0.109865753	3.106227186	0.20169906100000023	75.77	0.879551652727426
EHI02016	AEL37	4.1898195	0.065677497	3.813602846	0.3105391569999991	77.18	0.951494327892836
EHI02017	AEL38	4.3397424000000004	1.019447649	3.083593297	0.2367014540000003	77.09	0.899865848093401
EHI02018	AEU26	4.7626308	0.032599976	4.358197358	0.371833466	71.38	0.76761727619733
EHI02019	AAB61	5.0009694	0.509148324	4.046113317	0.44570775900000026	74.4	0.793478655575361
EHI02020	ADV83	5.0862375	2.431485842	2.340373077	0.31437858100000016	73.41	0.765658467931694
EHI02021	AEM30	4.4715834	1.493743523	2.710355472	0.26748440500000026	85.5	0.957535599705155
EHI02022	ADU78	3.6950658	0.163230891	3.221013266	0.31082164300000015	61.6	0.813148932626182
EHI02023	ACH42	4.503912	0.297990086	3.962617272	0.24330464199999913	62.63	0.856234883564129
EHI02024	AAZ95	5.3706177	0.395506593	4.455847605	0.5192635020000003	76.7	0.775485277352271
EHI02025	AEL42	4.8327093	1.310904057	3.210536253	0.3112689900000003	71.01	0.710690703804697
EHI02026	ABA94	4.8291132	0.136874263	4.398792762	0.2934461749999997	69.21	0.794683692386056
EHI02027	AAU88	3.1017414	0.133609578	2.420006655	0.5481251669999998	74.05	0.705487884353146
EHI02028	ABC23	5.1955437	0.142689009	4.653876495	0.39897819600000073	77.85	0.857431340470261
EHI02029	ADW28	4.6422048	0.286774217	3.5145968	0.8408337830000003	77.7	0.773949735252463
EHI02030	ADU76	6.7469484	0.038280213	6.294850667	0.4138175199999994	64.96	0.930183247419485
EHI02031	AEU32	5.1474594	0.078578875	4.615215345	0.4536651799999998	68.53	0.890767738801026
EHI02032	ABC51	7.0479264	0.61787871	5.624025816	0.8060218739999998	74.15	0.796971855876592
EHI02033	ADV71	6.9740802	0.045485903	6.373949627	0.5546446700000001	75.86	0.92112278365021
EHI02034	AAV94	5.3450277	0.207115863	4.745975839	0.3919359980000001	71.78	0.793833645511499
EHI02035	AEL29	6.0727992	2.177060762	3.556949743	0.3387886950000003	72.78	0.89009311615989
EHI02036	AAA50	7.3114329	0.324567704	6.138747407	0.8481177889999998	76.84	0.849089965230377
EHI02037	ABC33	5.6326797	0.158163898	4.819246034	0.6552697680000001	77.41	0.860825086297869
EHI02038	AEM23	5.7488475	0.093407657	5.19945965	0.45598019300000026	74.73	0.944567219777863
EHI02039	ABC29	5.0386392	0.043861599	4.457212863	0.5375647380000004	77.49	0.851187628740409
EHI02064	AEC24	5.3309673	0.073958684	4.895204944	0.36180367200000063	84.61	0.74172077
EHI02065	AJP52	4.7619735	2.48787e-4	4.47353134	0.2881933729999995	71.68	0.853470374328047
EHI02066	AHW95	4.8751014	0.005960207	4.577907977	0.2912332160000002	69.14	0.837060733948976
EHI02067	AJP51	5.3183649	0.009035522	4.820536628	0.48879275	60.3	0.779397747017108
EHI02068	AAZ65	4.2903093	0.429440182	3.601084486	0.2597846319999997	73.35	0.785094674015336
EHI02069	AFO83	5.7254736	0.011505602	5.405787292	0.3081807059999999	78.09	0.947691438196074
EHI02070	AAZ65	3.8265339	0.438116804	3.116397479	0.27201961699999977	73.99	0.740028332065932
EHI02071	AFV18	6.2343915	0.201015926	5.611666271	0.4217093030000001	56.48	0.864078563760884
EHI02072	AFV20	4.8378978	0.379877557	4.146619073	0.3114011699999999	66.54	0.872859998337263
EHI02073	ABD27	2.5316979	8.5962e-5	2.388816575	0.14279536300000029	72.9	0.78835766390828
EHI02074	AEC23	2.3492271	0.007193557	2.167513252	0.17452029099999988	74.01	0.765592854
EHI02075	AHW91	6.0244533	0.003418949	5.634085086	0.38694926500000015	75.34	0.893317933443402
EHI02076	AHU97	5.7922329	0.006598908	5.373768185	0.41186580699999986	71.37	0.940734131451942
EHI02077	AHU97	3.3870897	0.018934367	3.140129888	0.2280254450000001	69.91	0.805288112579773
EHI02078	ABA95	4.7495007	0.333115601	3.849590816	0.5667942829999992	70.98	0.79589789692041
EHI02079	AJP52	4.7032998	0.001541555	4.293038259	0.4087199859999995	68.62	0.825685381830267
EHI02080	ABA95	6.0729252	0.338608625	5.195138374	0.5391782010000004	67.78	0.852041405718165
EHI02081	ACB61	7.1780967	2.579763836	3.793173569	0.8051592949999997	55.88	0.841186859977551
EHI02082	AEC24	6.5906826	0.094697133	6.10113172	0.394853747	85.06	0.834838898
EHI02083	AFV18	10.4305158	0.358161305	9.4918363	0.5805181950000016	61.98	0.899635038839602
EHI02084	ACB61	7.7458224	5.351847218	1.839624789	0.5543503930000002	38.7	0.663770716845358
EHI02085	AGO69	4.5293073	0.018462021	3.931649651	0.5791956279999999	30.29	0.685511622745678
EHI02086	ABD27	5.5607313	0.001181586	4.907406697	0.6521430169999993	65.24	0.801592999551857
EHI02087	ACB56	5.9828496	0.12582366	4.801276669	1.0557492709999998	27.65	0.93321995793163
EHI02088	AJP51	7.1281488	0.00250885	6.587615976	0.5380239739999997	69.84	0.883362737021947
EHI02089	AAZ65	1.4303736	0.368566927	0.906575732	0.155230941	73.1	0.580967430009069
EHI02090	ACB56	2.6411955	0.396707155	1.993546209	0.2509421359999997	26.97	0.824149562564533
EHI02091	AFV20	2.5198854	0.250635799	2.095859385	0.17339021600000049	64.27	0.816149636359077
EHI02092	AHW91	6.2469153	0.016189942	5.8276389	0.40308645800000065	67.21	0.859591985514548
EHI02093	AFO83	4.340385	0.05006904	3.290731635	0.9995843249999998	62.02	0.8412983504698
EHI02094	AFV18	9.0084618	0.14552565	8.223083914	0.6398522359999994	57.26	0.928986711917803
EHI02095	AGO69	7.0906212	0.013513952	6.588765141	0.48834210700000025	48.62	0.861390588280386
EHI02096	ABA95	8.257494	0.27296738	7.3159364	0.6685902199999996	70.39	0.802871540043952
EHI02097	AJP52	6.4338507	0.001111047	5.324134598	1.108605055	69.81	0.889298293601802
EHI02098	AEC24	6.0802419	0.139932802	5.418680977	0.521628121	84.46	0.908964547
EHI02099	AGZ59	6.1754712	0.067537635	4.791052989	1.316880576	1.56	0.900585937226665
EHI02100	AEC23	0.5016633	0.419016088	0	0.08264721200000003	NA	0.606551645
EHI02101	ABE10	1.011246	1.90163e-4	0.920269798	0.09078603900000004	68.22	0.753022634664972
EHI02102	AFV20	7.1431746	1.073675204	5.282051961	0.7874474350000007	69.03	0.932888725585374
EHI02103	AGZ59	4.7022819	0.050624365	3.482317106	1.169340429	1.64	0.911657445331509
EHI02104	AGO69	4.0876059	0.007010599	3.548643728	0.5319515729999997	54.6	0.831323729093125
EHI02105	AJP51	2.837247	0.006671326	2.393798263	0.436777411	60.15	0.828942292707386
EHI02106	AEC23	5.7e-6	5.258e-6	0	4.419999999999993e-7	NA	NA
EHI02107	AIV55	1.08e-5	6.978e-6	0	3.822e-6	NA	NA
EHI02108	AGI41	4.2242025	2.228268135	1.068748966	0.9271853989999996	14.5	0.76170192539073
EHI02109	AAQ18	6.4598949	0.008847543	5.167299078	1.283748279	43.22	0.771608418814394
EHI02110	ABE10	5.474412	0.001369517	4.778338885	0.6947035980000003	62.82	0.856707920172314
EHI02111	AIV55	7.9079073	0.763429166	6.515839945	0.6286381890000001	49.94	0.966554123723554
EHI02112	ACB56	10.5174177	2.035116582	7.44812233	1.0341787879999984	29.72	0.985244977648027
EHI02113	AHW91	7.941879	0.023249409	7.259837778	0.6587918130000006	69.29	0.9612430554965
EHI02114	ABD27	6.6887466	5.73381e-4	5.631987783	1.0561854360000007	61.19	0.901435203609234
EHI02115	AAQ18	5.0372472	0.003428911	4.104806509	0.9290117799999997	58.48	0.955938408900694
EHI02116	ABE10	2.5494978	7.32277e-4	2.18054363	0.3682218930000003	70.25	0.969552426930771
EHI02117	AGI41	3.2452602	1.383965744	0.897567534	0.9637269220000002	27.86	0.984952046474779
EHI02118	ACB61	8.064165	6.916035838	0.827436243	0.3206929189999992	27.63	0.970817504406698
EHI02119	AHW95	8.2730562	0.007192794	7.65637617	0.6094872359999997	58.1	0.985437209283663
EHI02120	AHU97	6.4404255	0.086235082	5.076356992	1.277833426	62	0.98432038577646
EHI02121	AGI59	4.8229392	1.158354826	2.478090579	1.1864937950000005	13.31	0.952651445468813
EHI02122	AGI58	5.2242225	1.413070501	2.500323534	1.3108284649999997	11.08	0.955809888403025
EHI02123	AHW95	6.1071897	0.004897153	4.598867171	1.503425376	61.55	0.983029482410641
EHI02124	AGI59	2.3327724	0.545226199	0.99221501	0.795331191	3.03	0.963188014459304
EHI02125	AGI58	5.9435619	1.507720704	2.176058227	2.259782969	7.1	0.991229970177672
EHI02126	AFO83	7.1582709	0.072811159	5.443267431	1.6421923100000004	69.94	0.988384320368862
EHI02127	AGI41	6.9344949	0.241062327	5.603217842	1.0902147309999997	58.81	0.984173908292034
EHI02128	AAQ18	5.906571	0.007418441	4.931716843	0.9674357159999989	44.76	0.988018264568206
EHI02131	AIV55	7.1275737	2.175808806	4.108967754	0.8427971400000001	52.36	0.992117363015431
EHI02132	AGI42	2.8065729	0.090742157	2.024990138	0.6908406049999996	20.53	0.995903954963506
EHI02133	AGI59	3.4823289	0.314962092	1.414799488	1.75256732	24.74	0.987469156974329
EHI02134	AGI42	2.4511008	0.705441803	0	1.7456589969999998	NA	0.985675205475472
EHI02137	AGI58	5.3871339	0.010568165	2.7324676	2.6440981350000006	53.01	0.701661372012793
EHI02140	AGI42	8.3252823	0.560564193	0	7.764718106999999	NA	0.982416018617681
EHI02142	AGZ59	6.5797821	0.071480027	5.074647403	1.4336546700000001	1.94	0.982718176922418
EHI02143	C2_EXB0076	0.5422788	0.136198846	0	0.40607995399999997	NA	NA
EHI02144	ABI23	5.0198349	0.135104682	4.651364215	0.23336600300000043	76.4	0.876507221263116
EHI02145	ABI27	8.55537	0.30444227	7.766200897	0.48472683300000075	75.23	0.857978504911898
EHI02146	ABM38	7.2845916	0.022723211	6.865269905	0.3965984840000001	81.74	0.922228164998442
EHI02147	ABM44	5.2352199	1.796367947	3.153883496	0.2849684569999993	60.86	0.746673771967803
EHI02148	ABR12	4.8782823	0.079626434	4.530598047	0.2680578190000009	60.48	0.847511755899447
EHI02149	ABR25	6.7993551	0.024591015	6.386104034	0.38866005099999956	74.05	0.866691635018438
EHI02150	AEV93	9.3462747	0.612558754	8.225668108	0.5080478379999995	76.14	0.930606602261507
EHI02151	AEY30	6.4351956	0.385915136	5.674462562	0.3748179019999993	63.38	0.838129620763006
EHI02152	AHG77	8.4781713	0.039821977	7.98793143	0.4504178929999991	79.57	0.874618989800327
EHI02153	AHG84	6.8865975	0.008272601	6.505162909	0.37316198999999983	75.89	0.817351490691352
EHI02154	AHB36	7.0890246	0.744143376	6.014201828	0.33067939599999985	75.57	0.900521316052912
EHI02155	AHB48	3.2839686	1.655100106	1.466752482	0.16211601200000025	51.8	0.722961266459251
EHI02156	AHB53	7.0204665	0.024784119	6.660828262	0.33485411900000006	70.56	0.855576301515785
EHI02157	AHB57	3.2237196	0.613053217	2.419777905	0.19088847799999975	61.32	0.716304978630546
EHI02158	AHB59	11.0102697	1.424693738	9.089932007	0.49564395500000025	64.83	0.881226130436718
EHI02159	AHB67	5.5432944	0.010728303	5.290162594	0.24240350300000024	69.32	0.869785592207
EHI02160	AHB71	6.0085782	0.277232729	5.453300652	0.2780448189999998	57.05	0.773481525260236
EHI02161	AHB72	8.4100338	0.122305449	7.83882439	0.4489039610000001	68.42	0.885369410106153
EHI02162	AHB75	5.8621809	0.016179983	5.554750835	0.29125008200000035	66.46	0.885434134377259
EHI02163	AHB79	4.6836825	0.353373832	4.080867227	0.2494414410000001	70.88	0.85782085072394
EHI02164	AHB80	4.1749974	0.006928045	3.905955256	0.26211409899999927	59.17	0.882058632367801
EHI02165	AHB81	7.6084908	0.008772959	7.16199489	0.43772295100000047	60.76	0.899358060391187
EHI02166	AHB97	5.6547213	0.004079535	5.388364987	0.2622767780000004	71.89	0.910606197333276
EHI02167	AHC02	5.6068305	0.01518644	5.213830712	0.3778133480000001	69.6	0.861761390317637
EHI02168	AHC08	4.9248057	0.005294109	4.654403622	0.2651079689999998	65.61	0.867590286230819
EHI02169	AHC09	8.1845271	3.300467221	4.432955913	0.4511039660000007	58.54	0.847307496876627
EHI02170	AHC42	9.2143815	0.366726324	8.411775614	0.4358795620000002	70	0.929612610074487
EHI02171	AHC47	5.9287257	1.246779446	4.409178349	0.27276790500000025	69.93	0.853971388001463
EHI02172	AHC48	4.6384731	2.607296603	1.746004836	0.2851716609999997	43.93	0.711983770484903
EHI02173	AHC55	8.6772888	0.127355452	8.054116423	0.49581692499999974	66.81	0.929631018244339
EHI02174	AHC59	8.4022284	0.04832449	7.841331886	0.5125720239999998	69.42	0.891165096795089
EHI02175	AHC60	7.6994277	0.459282745	6.863580505	0.37656445000000005	72	0.861538910894448
EHI02176	AHC64	6.6772413	0.646531312	5.72489965	0.3058103379999997	65.08	0.900530547675835
EHI02177	AHC82	4.9351119	0.618051224	4.072146955	0.24491372099999964	72.53	0.90222901508194
EHI02178	AHC85	5.204754	0.490071201	4.467416765	0.2472660339999999	71.01	0.868961255710748
EHI02179	AHC89	4.2705102	0.096468784	3.972887832	0.2011535840000005	74.57	0.855984442479376
EHI02180	AHC90	5.05938	0.11081517	4.676665227	0.2718996029999996	66.62	0.854091998279549
EHI02181	AHC92	4.0655022	0.221574786	3.570083491	0.2738439229999998	67.65	0.81109816424116
EHI02182	AHD01	8.3981802	0.398902882	7.556332046	0.4429452720000011	64.78	0.919602680751376
EHI02183	ABH96	3.9420285	0.327146734	3.365768966	0.24911280000000025	73.34	0.755772870669094
EHI02184	ABI37	3.64542	0.02290968	3.428364941	0.19414537900000006	70.87	0.836698212787538
EHI02185	ABM23	6.3269589	0.320802699	5.651307693	0.3548485080000008	65.95	0.840536471096394
EHI02186	ABM25	5.1238086	0.014104732	4.825758097	0.28394577100000085	76.23	0.791170856929387
EHI02187	ABM27	6.3283467	0.230622596	5.750827513	0.34689659100000014	69.77	0.861918976644189
EHI02188	ABM29	5.3862894	0.129811669	4.86270832	0.3937694109999992	71.85	0.81085576853825
EHI02189	ABM39	2.7291051	0.080410048	2.47523955	0.17345550199999993	66.54	0.78558093081431
EHI02190	ABM42	5.0643417	0.124667844	4.63826265	0.30141120600000004	75.31	0.80845941362977
EHI02191	ABQ48	4.7520837	0.128931007	4.276492806	0.3466598869999995	63.58	0.87048020080751
EHI02192	AEX17	3.8741865	0.032914569	3.584804602	0.2564673289999999	70.07	0.847038239278032
EHI02193	AHB66	4.6574856	0.01365062	4.373690967	0.27014401300000035	69.99	0.844010858470338
EHI02194	AHB70	7.2031905	0.030010158	6.73805694	0.4351234020000003	68.32	0.87298036099107
EHI02195	AHE10	4.9780659	0.546922386	4.118314323	0.3128291909999996	73.66	0.74462527777043
EHI02196	AHE12	4.9172514	0.298014561	4.319720315	0.2995165239999995	68.61	0.839811696357081
EHI02197	AHE14	8.9946906	0.10507888	8.351246269	0.5383654509999989	67.54	0.877006983242438
EHI02198	AHE84	4.2885072	0.108729366	3.927740617	0.25203721699999937	72.53	0.787628509968511
EHI02199	AHG82	6.0371247	0.147435516	5.479383578	0.41030560599999966	75.16	0.872267420994324
EHI02200	AHB55	4.2251754	0.260170151	3.735734533	0.22927071600000026	69.53	0.894518875053137
EHI02201	AHB76	3.6522387	0.01743896	3.439612584	0.19518715600000025	65.42	0.841437711633166
EHI02202	AHB77	4.6146375	0.035195061	4.313659573	0.26578286600000034	62.74	0.824484673320667
EHI02203	AHB78	4.5948831	0.274085865	4.033829557	0.2869676779999999	68.51	0.848208058727175
EHI02204	ABH82	5.1208797	0.044854996	4.799214387	0.2768103169999998	59.48	0.811993104824885
EHI02205	ABM21	5.4633618	0.54730716	4.553346273	0.36270836700000064	74.09	0.756833290521464
EHI02206	ABQ54	4.7002668	0.296836029	4.207633886	0.19579688500000003	71.54	0.866006007186491
EHI02207	AEX13	4.2774435	0.091601964	3.938466082	0.2473754540000006	69.74	0.853145628485322
EHI02208	AEY31	3.5142528	0.116675159	3.150688632	0.24688900899999977	67.84	0.82511762539739
EHI02209	AHB65	4.3084005	0.006026476	4.052167818	0.25020620600000054	66.5	0.830151696080705
EHI02210	AHG57	4.9988874	0.128814484	4.573406593	0.2966663230000002	73.33	0.851159786832633
EHI02211	AHG59	3.0917883	0.57256667000000006	2.376054829	0.143166801	69.21	0.755256686544855
EHI02212	AHB49	5.4400308	0.083626809	5.001084959	0.3553190319999997	69.1	0.822743819579513
EHI02213	AHD25	5.3634171	0.587544861	4.451730989	0.32414125000000027	66.72	0.849275618789263
EHI02214	ABR23	4.1342052	0.084710513	3.808571849	0.24092283800000036	66.32	0.83093306868164
EHI02215	AEV91	4.5839163	0.017148379	4.231987716	0.3347802050000004	76.01	0.889104198887345
EHI02216	AHE88	3.144489	0.174217081	2.774883834	0.19538808499999982	74.45	0.732389018743275
EHI02217	AHB56	3.1969017	0.552156941	2.435467513	0.20927724600000008	66.68	0.770830954253536
EHI02218	AHC10	4.6360857	0.048086974	4.342930074	0.2450686519999996	69.98	0.823088294016247
EHI02219	AHC14	2.8354461	0.025330737	2.606067652	0.20404771099999985	63.05	0.700423241381381
EHI02220	AHC80	3.0173415	0.093404077	2.429425186	0.4945122369999999	65.52	0.887542053551875
EHI02221	AHB69	3.8168157	0.103032381	3.45368927	0.2600940490000001	63.48	0.835675637668328
EHI02222	AHG67	4.2241443	0.014442388	3.952068923	0.25763298899999976	74.13	0.799446113648414
EHI02223	AHB63	3.9542562	0.823447179	2.879519836	0.2512891850000001	66.58	0.862864437781548
EHI02224	AHC94	1.5691278	0.334626271	1.153081866	0.08141966300000014	53.71	0.617608068032985
EHI02235	AAV79	7.6542432	5.248912133	1.923524874	0.4818061929999997	75.9	0.889399960673378
EHI02236	AAW04	0	0	0	0	NA	NA
EHI02237	ABB56	0	0	0	0	NA	NA
EHI02238	ACG11	0	0	0	0	NA	NA
EHI02239	AEL17	0	0	0	0	NA	NA
EHI02240	AEM09	5.5423572	0.474043036	4.739845789	0.32846837499999904	84.15	0.934397583523397
EHI02241	AEM11	4.4767188000000004	2.455258871	1.77476855	0.2466913790000007	74.15	0.872822963360856
EHI02242	AEM28	6.9406914	4.963944856	1.602787025	0.373959519	76.45	0.907811536075542
EHI02243	AEU37	0.2828367	0.26214216	0	0.020694539999999984	NA	NA
EHI02253	AAB17	0	0	0	0	NA	NA
EHI02254	ABA13	0	0	0	0	NA	NA
EHI02255	ACG96	5.2639215	1.566323338	3.201139898	0.49645826400000015	73.57	0.797382725942406
EHI02256	AEM35	7.1264757	0.670777426	6.086803381	0.3688948930000002	73.41	0.956002668540773
EHI02262	AAZ39	5.442954	5.042431043	0	0.4005229570000006	NA	0.441472451904611
EHI02263	AAZ81	4.3930653	0.041810989	3.992215153	0.35903915799999986	69.93	0.326013378862485
EHI02264	AEM55	0	0	0	0	NA	NA
EHI02265	AEM66	0	0	0	0	NA	NA
EHI02270	ABB18	0	0	0	0	NA	NA
EHI02271	ABC54	0	0	0	0	NA	NA
EHI02272	ABC58	0	0	0	0	NA	NA
EHI02273	AAU51	4.6673886	1.555723473	2.569314139	0.5423509879999999	72.81	0.767476707527543
EHI02274	AAV74	4.8879366	0.956479551	3.410598211	0.5208588379999997	80.9	0.955029550519248
EHI02275	ABA05	0	0	0	0	NA	NA
EHI02276	ABB88	0	0	0	0	NA	NA
EHI02277	ABC38	0	0	0	0	NA	NA
EHI02278	ABC47	0	0	0	0	NA	NA
EHI02279	AEV89	6.0060882	0.00709459	5.720785439	0.2782081709999993	77.87	0.87175814462247
EHI02280	AHB82	6.4473552	0.965847653	5.064413013	0.4170945339999994	62.32	0.858034146916657
EHI02281	AHB84	9.0526965	0.39644254	8.200744081	0.4555098789999992	65.51	0.863744926799729
EHI02282	AHB33	5.6971185	0.328857461	5.074181205	0.2940798339999997	67.43	0.783813438838764
EHI02283	AHB47	6.4320084	0.184794288	5.428324055	0.818890057	68.12	0.828281702420522
EHI02284	AHB60	4.5297954	0.579586636	3.697877339	0.25233142499999994	55.31	0.78329901901334
EHI02285	AHC22	6.2593254	0.245149333	5.386730586	0.6274454810000005	20.56	0.613264316759584
EHI02286	AHC27	1.944459	0.041924564	1.432594813	0.4699396229999999	54.62	0.550154520297476
EHI02287	ABQ90	5.0690202	0.079387566	4.398999777	0.5906328569999992	54.76	0.709623993406039
EHI02288	ABR21	3.3437067	0.237914481	2.890470068	0.21532215099999963	73.42	0.861436939355011
EHI02289	AHG65	4.3386795	0.004776315	4.063953102	0.26995008299999945	72.76	0.798839286905709
EHI02290	ACG15	0	0	0	0	NA	NA
EHI02291	ACG25	4.3267641	3.186963816	0.838189014	0.3016112700000001	76.46	0.700064050523761
EHI02292	ACG30	5.9091414	1.345638925	3.786785665	0.7767168099999999	80.56	0.822511058911068
EHI02293	AHG79	7.2376044	0.732263493	6.015844166	0.48949674100000085	66.15	0.808841756184161
EHI02294	AHB98	6.8027514	0.058883617	6.408292286	0.3355754969999998	71.4	0.892966860331342
EHI02295	AHC49	6.9632694	1.342900419	5.210823094	0.4095458869999993	61.64	0.810370956706493
EHI02296	ABQ47	5.8750902	0.140855391	5.238223847	0.4960109619999997	71.14	0.824354353991891
EHI02297	AAZ50	5.6852712	0.04502248	5.101305081	0.5389436390000002	89.08	0.884204297173726
EHI02298	ABA85	0	0	0	0	NA	NA
EHI02299	ABC48	0	0	0	0	NA	NA
EHI02300	AEM14	4.7703228	1.345031658	2.926442548	0.49884859400000003	48.22	0.762545899437318
EHI02301	AEM45	9.9260073	7.168721103	2.167564097	0.5897220999999999	73.58	0.846397559554126
EHI02302	AEU35	4.9197801	3.353742938	1.221769093	0.34426806899999973	61.43	0.740893401514518
EHI02303	AEM20	1.700547	0.067274267	1.408142598	0.22513013500000012	86.94	0.840099754889729
EHI02304	AEM43	5.2240212	0.375320398	4.354844929	0.49385587299999933	74.76	0.881679390646633
EHI02305	AEU13	4.0092993	2.274666917	1.469867899	0.2647644840000005	73.61	0.772751064493395
EHI02306	AEU44	3.0212514	0.13792046	2.629714699	0.253616241	81.37	0.889141169616028
EHI02307	AHE86	3.4219137	0.621452434	2.518674996	0.28178627	63.06	0.840601512111562
EHI02308	AHB44	2.4939756	0.10500247	2.239275387	0.14969774299999994	66.16	0.877950905111032
EHI02389	AHE86	2.1156468	0.379572764	1.560952131	0.1751219049999999	60.63	0.73331140061984
EHI02571	AGO32	3.8897115	8.30065e-4	3.756003743	0.1328776920000001	57.56	0.838213267369089
EHI02572	AGO07	5.112084	0.001104376	4.880002446	0.23097717800000073	68.44	0.424027121426191
EHI02573	AGO36	4.5605337	9.19831e-4	4.321892488	0.23772138100000006	58.93	0.843444272160971
EHI02574	AGO40	3.9929577	0.001105944	3.805436605	0.18641515099999983	82.01	0.754834329426597
EHI02575	AGO89	4.0477113	4.51116e-4	3.879260126	0.16800005799999962	80.13	0.892320112753197
EHI02576	AGO08	5.8811367	0.001466596	5.60912564	0.27054446399999943	74.77	0.87651647635783
EHI02577	AGO98	3.9237324	1.59264e-4	3.784823034	0.13875010199999993	73.39	0.871961858524465
EHI02578	AGO22	4.9103751	3.70817e-4	4.721594309	0.1884099739999998	70.93	0.858822372244966
EHI02579	AGO24	4.2003081	3.16117e-4	4.029585276	0.1704067070000006	58.95	0.838696543518898
EHI02580	AGO11	3.8075742	0.002285096	3.659436982	0.14585212199999997	62.38	0.824400896831484
EHI02581	AGO20	4.9197375	0.004222759	4.60016973	0.3153450109999998	72.05	0.837525483093175
EHI02582	AJP50	3.9276072	4.1661e-5	3.771020851	0.15654468800000032	74.73	0.930744648841069
EHI02583	AGO25	4.1265891	0.002688647	3.93365555	0.19024490299999997	65.8	0.503464916394139
EHI02584	AJP53	5.4944631	2.43149e-4	5.281080602	0.21313934899999953	75	0.887172277219918
EHI02585	AJP43	5.8468056	6.93419e-4	5.540520017	0.3055921639999992	68.02	0.84377865528928
EHI02586	AGO38	4.2479817	6.34686e-4	4.079262048	0.16808496600000034	62.2	0.816289395401474
EHI02587	AJP67	5.1468738	0.001053113	4.945532779	0.20028790799999996	71.8	0.847131087634043
EHI02588	AGP24	5.5520613	6.20576e-4	5.324192422	0.22724830199999957	63.76	0.862373180913188
EHI02589	AGO37	4.3657032	0.001172553	4.185843002	0.17868764499999923	64.41	0.809242731353414
EHI02590	AGP17	3.6722742	4.16849e-4	3.491843967	0.180013384	54.8	0.291559193633585
EHI02591	AGO97	5.5014375	0.005870858	5.248845859	0.24672078299999978	4.05	0.68249912914743
EHI02592	AJP64	5.2508505	8.07086e-4	5.029567969	0.22047544499999994	70.77	0.883362737021947
EHI02593	AGO12	5.5721058	0.001047289	5.285706629	0.2853518820000005	69.25	0.865950413506047
EHI02594	AGO13	3.1776246	0.001254245	3.028379223	0.14799113200000003	65.83	0.464495461834863
EHI02595	AGP25	3.7222467	3.90443e-4	3.545906986	0.1759492709999999	69.14	0.83073773200546
EHI02596	AGO46	4.9905885	4.02096e-4	4.794661304	0.19552510000000023	76.66	0.886192299890703
EHI02597	AGO45	4.3154553	0.003302624	4.142180884	0.16997179200000012	53.5	0.710256485878866
EHI02598	AJP42	5.3280804	8.5434e-5	5.135731572	0.19226339400000025	73.04	0.859480720130568
EHI02599	AGP61	5.1335763	0.002994709	4.885223653	0.24535793799999972	56.8	0.868998306118332
EHI02600	AGP23	3.5434635	3.72951e-4	3.377697245	0.16539330400000019	68.45	0.450820978558634
EHI02601	AGO10	4.7002737	5.46487e-4	4.495326883	0.20440033000000035	67.05	0.837358176193098
EHI02602	AJP41	4.2333753	1.4822e-4	4.05334296	0.17988411999999965	60.37	0.822231737940036
EHI02603	AJP54	5.3060214	0.002208379	5.087246543	0.21656647799999984	71.31	0.843732213932702
EHI02604	AGP63	2.9277495	3.3019e-5	2.794213584	0.13350289700000006	82.16	0.853720884617656
EHI02605	AGP52	5.0231049	5.78456e-4	4.789165715	0.23336072899999927	73.38	0.921113571615573
EHI02606	AGO23	5.6488716	8.4083e-4	5.435331711	0.2126990590000002	73.52	0.959600561684017
EHI02607	AJP40	5.7234162	2.39951e-4	5.506126638	0.2170496110000002	65.92	0.8788577206346
EHI02608	AGP53	3.5830977	8.68246e-4	3.416148534	0.1660809200000002	63	0.777095417117626
EHI02609	AGO09	4.8434895	6.20091e-4	4.661246383	0.18162302599999958	68.3	0.825573694938881
EHI02610	AGP43	4.2858729	3.59149e-4	4.105220256	0.18029349499999991	65.23	0.838194679302178
EHI02611	AGP51	3.4277592	2.80047e-4	3.278120539	0.14935861400000006	65.85	0.807172379666758
EHI02612	AJP66	3.3704775	1.7081e-4	3.23270373	0.13760295999999972	78.55	0.8415770706281
EHI02613	AGP34	3.5659749	0.001431597	3.427484227	0.13705907600000033	65.99	0.899708898406036
EHI02614	AGO48	3.5851797	7.83821e-4	3.403427978	0.18096790099999982	61.24	0.783411258772499
EHI02615	AJP39	2.4734253	3.51599e-4	2.283674487	0.18939921400000026	65.2	0.738749359667527
EHI02616	AGP26	3.0128976	2.3919e-4	2.865528339	0.1471300710000003	71.76	0.939152670230694
EHI02617	AJP68	4.4739531	2.43466e-4	4.277931444	0.1957781900000004	65.99	0.828970203883757
EHI02618	AGO47	3.7181958	6.75857e-4	3.546048534	0.17147140900000002	71.69	0.848597964852427
EHI02619	AJP59	5.0585661	8.6283e-5	4.829207979	0.22927183799999984	74.38	0.875896364706947
EHI02620	AGO06	3.2697717	6.69926e-4	3.1167541	0.15234767400000004	68.63	0.752731598913007
EHI02621	AGO49	4.5252225	8.80545e-4	4.342572145	0.1817698099999996	48.73	0.849953221930552
EHI02622	AGP08	4.7889243	2.85185e-4	4.583173134	0.2054659809999997	68.53	0.86613572447034
EHI02623	AGO21	3.4407798	2.30072e-4	3.297503542	0.1430461860000003	77.28	0.849294183935434
EHI02624	AJP61	4.6957662	3.51284e-4	4.48768519	0.20772972600000017	70.3	0.842245963632675
EHI02625	AJP65	2.6531106	2.3503e-5	2.536111266	0.11697583100000042	77.12	0.912422756001798
EHI02626	AGP44	3.7291221	6.00853e-4	3.528358847	0.2001624000000004	68.89	0.879163057094924
EHI02627	AGP32	3.2979021	0.001572916	3.129695336	0.16663384799999958	68.3	0.368028570221743
EHI02628	AGP60	2.5313865	6.20136e-4	2.390103441	0.14066292299999983	69.87	0.802432938233246
EHI02629	AGO39	4.0907001	0.001035638	3.935235735	0.154428727	61.7	0.774633274061245
EHI02630	AJP60	4.3682019	2.58866e-4	4.16850514	0.1994378939999999	69.57	0.854175496765483
EHI02631	AGO05	5.8733994	0.003383238	5.582505514	0.2875106480000005	65.28	0.504352088974344
EHI02632	AJP45	4.7230524	7.48839e-4	4.349736893	0.37256666800000016	67.64	0.855455710912672
EHI02633	AJP44	7.1379591	9.03128e-4	6.858973267	0.2780827050000001	74.47	0.891081930220451
EHI02634	AGP07	5.9963679	0.001091891	5.715927331	0.27934867800000074	53.59	0.859286002452205
EHI02635	AGP42	6.3642939	0.001240215	6.056942386	0.30611129899999945	71.53	0.890795461992082
EHI02636	AGP35	7.8874377	4.08731e-4	7.548440779	0.3385881900000003	78.17	0.929879525185922
EHI02637	AGP16	7.3005069	3.13024e-4	7.042522809	0.25767106699999953	70.97	0.908863087497833
EHI02638	AGO35	5.5544796	0.001869868	5.284832767	0.2677769649999995	72.35	0.768160785638092
EHI02639	AJP63	10.6717179	0.001126284	10.202024014	0.468567602000002	71.04	0.908281981112933
EHI02640	AGP62	4.6872834	0.002568987	4.482784875	0.2019295379999999	67.02	0.84652755622487
EHI02641	AGO88	8.9069301	0.006973676	8.368019812	0.5319366120000009	60.31	0.734675949438475
EHI02642	AGP41	7.2285402	7.65507e-4	6.876145832	0.3516288610000009	70.68	0.479846472067243
EHI02643	AGO33	7.2177375	0.001865962	6.881602907	0.3342686309999996	38.97	0.594074877247479
EHI02646	AGO34	8.0130315	0.008032777	7.654399287	0.35059943599999954	63.17	0.635298046669304
EHI02693	AKD76	6.8996448	0.097969564	6.434592808	0.3670824280000007	2.04	0.585285162803912
EHI02694	AKD80	3.6826713	0.053282611	3.399210437	0.23017825199999997	0.36	0.540157803319496
EHI02695	AKD77	11.3595606	0.160056279	10.566875544	0.632628776999999	1.81	0.690813624523357
EHI02696	AKD82	11.4399165	0.038103934	10.807995953	0.5938166129999995	40.48	0.820769812701399
EHI02697	AKD86	6.3092448	0.084818306	5.841541468	0.3828850260000003	8.15	0.634677968673545
EHI02698	AKD81	12.3279519	0.161536852	11.362925785	0.8034892630000012	7.95	0.717832853985797
EHI02699	AIR15	4.516677	0.007940738	4.236960273	0.2717759889999991	64.65	0.852969333021789
EHI02700	AIR16	5.311605	3.815365599	1.177534761	0.31870464	79.58	0.891682561323371
EHI02701	AIR07	4.1869323	0.135887208	3.845131675	0.20591341699999965	70.08	0.863726391058034
EHI02703	AJF34	4.4924904	4.240462308	0	0.25202809200000065	NA	0.63116629794055
EHI02704	AIR91	4.0821177	3.792536802	0	0.28958089800000053	NA	0.620591536720509
EHI02705	AIS02	4.4277225	0.134644975	4.060474682	0.23260284300000045	68.53	0.886386454426391
EHI02706	AIR30	3.4813059	3.26173249	0	0.2195734100000002	NA	0.694125433415955
EHI02707	AIR89	4.0080105	0.197419011	3.597193982	0.21339750700000026	61.56	0.846341846121031
EHI02708	AIR29	5.7991491	0.247517459	5.222836498	0.3287951429999998	61.95	0.864810669125522
EHI02710	AIR10	4.7096517	0.004863423	4.414270362	0.29051791500000057	67.97	0.890194774699393
EHI02712	AIR14	5.2620924	4.162982418	0.725585707	0.37352427499999985	72.4	0.787198466380305
EHI02714	AIR19	4.4036508	0.166057029	4.014667591	0.22292617999999997	63.38	0.918616790882477
EHI02715	AIR99	4.7462172	3.050470506	1.36067823	0.33506846400000034	78.62	0.887948790800811
EHI02718	AIS11	3.6678669	1.62207057	1.833336624	0.21245970599999997	62.83	0.830328441166001
EHI02719	AIR28	5.1120231	2.60772599	2.17125456	0.33304255000000005	76.39	0.890074632671881
EHI02720	AIR18	4.3198056	3.089773324	0.9268966	0.3031356759999998	83.21	0.892504902267972
EHI02721	AIR09	4.7569761	3.677630914	0.75648273	0.3228624560000003	72.81	0.9029304682825
EHI02722	AIS12	4.249302	2.799929187	1.139820855	0.3095519580000001	78.32	0.820732563004388
EHI02723	AJF60	4.5747234	0.113227422	4.188436673	0.2730593050000003	63.07	0.868118318828198
EHI02724	AIR17	5.1520626	0.121469083	4.675472377	0.3551211399999996	62.89	0.897696021298762
EHI02725	AIR06	6.9466026	6.572240953	0	0.37436164700000063	NA	0.584862176813764
EHI02728	AIR92	5.2859385	1.04336774	3.931658655	0.3109121050000003	67.91	0.870572811352394
EHI02729	AIR90	4.3723215	2.024187975	2.043794615	0.30433891000000024	77.29	0.962325672569795
EHI02734	AJF25	4.0751814	3.830645157	0	0.24453624299999976	NA	0.886284754929858
EHI02749	AIR24	5.9429268	4.177705067	1.326233779	0.43898795400000057	85.31	0.952238204357721
EHI02751	AJF96	6.6894834	3.71223673	2.557011232	0.4202354380000006	60.9	0.823013814204799
